topology,alpha,seed,spectral_gap,round,avg_acc,worst_acc
line,100.0,0,0.0326289891365642,5,0.8779299999999999,0.8694
line,100.0,0,0.0326289891365642,10,0.89496,0.8883
line,100.0,0,0.0326289891365642,15,0.90148,0.8954
line,100.0,0,0.0326289891365642,20,0.9048299999999999,0.8962
line,100.0,0,0.0326289891365642,25,0.9054399999999999,0.8959
line,100.0,0,0.0326289891365642,30,0.9078099999999999,0.9008
line,100.0,0,0.0326289891365642,35,0.9078099999999999,0.8959
line,100.0,0,0.0326289891365642,40,0.9093,0.9003
line,100.0,0,0.0326289891365642,45,0.90927,0.9026
line,100.0,0,0.0326289891365642,50,0.9097500000000001,0.9051
line,100.0,1,0.0326289891365642,5,0.87787,0.8717
line,100.0,1,0.0326289891365642,10,0.89665,0.8933
line,100.0,1,0.0326289891365642,15,0.90457,0.9007
line,100.0,1,0.0326289891365642,20,0.90607,0.8976
line,100.0,1,0.0326289891365642,25,0.9087099999999999,0.8995
line,100.0,1,0.0326289891365642,30,0.91029,0.901
line,100.0,1,0.0326289891365642,35,0.91014,0.8989
line,100.0,1,0.0326289891365642,40,0.9111100000000001,0.9035
line,100.0,1,0.0326289891365642,45,0.90912,0.8989
line,100.0,1,0.0326289891365642,50,0.91066,0.8975
line,100.0,2,0.0326289891365642,5,0.8764900000000001,0.8705
line,100.0,2,0.0326289891365642,10,0.89345,0.8862
line,100.0,2,0.0326289891365642,15,0.9046900000000001,0.8969
line,100.0,2,0.0326289891365642,20,0.9073800000000001,0.8999
line,100.0,2,0.0326289891365642,25,0.91073,0.9031
line,100.0,2,0.0326289891365642,30,0.9105700000000001,0.9021
line,100.0,2,0.0326289891365642,35,0.9104300000000001,0.9007
line,100.0,2,0.0326289891365642,40,0.91095,0.9025
line,100.0,2,0.0326289891365642,45,0.91091,0.9015
line,100.0,2,0.0326289891365642,50,0.91184,0.904
line,100.0,3,0.0326289891365642,5,0.87761,0.8737
line,100.0,3,0.0326289891365642,10,0.8946799999999999,0.8925
line,100.0,3,0.0326289891365642,15,0.9021699999999999,0.8956
line,100.0,3,0.0326289891365642,20,0.90608,0.8993
line,100.0,3,0.0326289891365642,25,0.90755,0.9022
line,100.0,3,0.0326289891365642,30,0.90931,0.9019
line,100.0,3,0.0326289891365642,35,0.90915,0.9045
line,100.0,3,0.0326289891365642,40,0.91027,0.9033
line,100.0,3,0.0326289891365642,45,0.90953,0.9026
line,100.0,3,0.0326289891365642,50,0.9103199999999999,0.9027
line,100.0,4,0.0326289891365642,5,0.87734,0.8691
line,100.0,4,0.0326289891365642,10,0.8926700000000001,0.8853
line,100.0,4,0.0326289891365642,15,0.90098,0.897
line,100.0,4,0.0326289891365642,20,0.90717,0.9007
line,100.0,4,0.0326289891365642,25,0.90938,0.9017
line,100.0,4,0.0326289891365642,30,0.90926,0.8984
line,100.0,4,0.0326289891365642,35,0.91206,0.9065
line,100.0,4,0.0326289891365642,40,0.9120000000000001,0.9041
line,100.0,4,0.0326289891365642,45,0.91188,0.9039
line,100.0,4,0.0326289891365642,50,0.91083,0.9049
line,100.0,5,0.0326289891365642,5,0.8768800000000001,0.8683
line,100.0,5,0.0326289891365642,10,0.89484,0.8907
line,100.0,5,0.0326289891365642,15,0.90212,0.8956
line,100.0,5,0.0326289891365642,20,0.90578,0.895
line,100.0,5,0.0326289891365642,25,0.90743,0.901
line,100.0,5,0.0326289891365642,30,0.9075599999999999,0.8998
line,100.0,5,0.0326289891365642,35,0.91059,0.9045
line,100.0,5,0.0326289891365642,40,0.9105000000000001,0.9012
line,100.0,5,0.0326289891365642,45,0.9093500000000001,0.9006
line,100.0,5,0.0326289891365642,50,0.9094200000000001,0.8999
line,100.0,6,0.0326289891365642,5,0.876,0.8713
line,100.0,6,0.0326289891365642,10,0.8947900000000001,0.8895
line,100.0,6,0.0326289891365642,15,0.9017,0.8936
line,100.0,6,0.0326289891365642,20,0.9073800000000001,0.9009
line,100.0,6,0.0326289891365642,25,0.9086299999999999,0.9
line,100.0,6,0.0326289891365642,30,0.91027,0.9031
line,100.0,6,0.0326289891365642,35,0.91095,0.9001
line,100.0,6,0.0326289891365642,40,0.9123899999999999,0.901
line,100.0,6,0.0326289891365642,45,0.91073,0.9029
line,100.0,6,0.0326289891365642,50,0.91123,0.9004
line,100.0,7,0.0326289891365642,5,0.876,0.8657
line,100.0,7,0.0326289891365642,10,0.89178,0.8875
line,100.0,7,0.0326289891365642,15,0.90076,0.8957
line,100.0,7,0.0326289891365642,20,0.90424,0.8935
line,100.0,7,0.0326289891365642,25,0.90818,0.9018
line,100.0,7,0.0326289891365642,30,0.9083,0.8998
line,100.0,7,0.0326289891365642,35,0.9087400000000001,0.8972
line,100.0,7,0.0326289891365642,40,0.9097799999999999,0.9023
line,100.0,7,0.0326289891365642,45,0.9094099999999999,0.902
line,100.0,7,0.0326289891365642,50,0.90969,0.9034
line,100.0,8,0.0326289891365642,5,0.87302,0.8703
line,100.0,8,0.0326289891365642,10,0.88985,0.8839
line,100.0,8,0.0326289891365642,15,0.901,0.895
line,100.0,8,0.0326289891365642,20,0.90463,0.8994
line,100.0,8,0.0326289891365642,25,0.9080600000000001,0.9012
line,100.0,8,0.0326289891365642,30,0.9079200000000001,0.8988
line,100.0,8,0.0326289891365642,35,0.908,0.8955
line,100.0,8,0.0326289891365642,40,0.90951,0.9031
line,100.0,8,0.0326289891365642,45,0.91019,0.906
line,100.0,8,0.0326289891365642,50,0.91063,0.8992
line,100.0,9,0.0326289891365642,5,0.8782399999999999,0.8754
line,100.0,9,0.0326289891365642,10,0.8935000000000001,0.8858
line,100.0,9,0.0326289891365642,15,0.9012800000000001,0.8954
line,100.0,9,0.0326289891365642,20,0.9050800000000001,0.8947
line,100.0,9,0.0326289891365642,25,0.9072800000000001,0.8981
line,100.0,9,0.0326289891365642,30,0.9084300000000001,0.8982
line,100.0,9,0.0326289891365642,35,0.9094300000000001,0.9007
line,100.0,9,0.0326289891365642,40,0.9104699999999999,0.8999
line,100.0,9,0.0326289891365642,45,0.90984,0.8992
line,100.0,9,0.0326289891365642,50,0.9098,0.9018
line,0.5,0,0.0326289891365642,5,0.80716,0.7781
line,0.5,0,0.0326289891365642,10,0.8352700000000001,0.7994
line,0.5,0,0.0326289891365642,15,0.8544,0.8238
line,0.5,0,0.0326289891365642,20,0.85333,0.8211
line,0.5,0,0.0326289891365642,25,0.8656900000000001,0.8372
line,0.5,0,0.0326289891365642,30,0.8667199999999999,0.8323
line,0.5,0,0.0326289891365642,35,0.87131,0.8437
line,0.5,0,0.0326289891365642,40,0.8711,0.8414
line,0.5,0,0.0326289891365642,45,0.87745,0.8514
line,0.5,0,0.0326289891365642,50,0.87715,0.8562
line,0.5,1,0.0326289891365642,5,0.82258,0.7751
line,0.5,1,0.0326289891365642,10,0.84961,0.8073
line,0.5,1,0.0326289891365642,15,0.86388,0.8251
line,0.5,1,0.0326289891365642,20,0.86525,0.8305
line,0.5,1,0.0326289891365642,25,0.87585,0.8412
line,0.5,1,0.0326289891365642,30,0.8761300000000001,0.8408
line,0.5,1,0.0326289891365642,35,0.8766299999999999,0.8404
line,0.5,1,0.0326289891365642,40,0.87752,0.8471
line,0.5,1,0.0326289891365642,45,0.8777000000000001,0.8431
line,0.5,1,0.0326289891365642,50,0.88285,0.8593
line,0.5,2,0.0326289891365642,5,0.80244,0.7171
line,0.5,2,0.0326289891365642,10,0.8498699999999999,0.8201
line,0.5,2,0.0326289891365642,15,0.8699600000000001,0.8378
line,0.5,2,0.0326289891365642,20,0.8754899999999999,0.8551
line,0.5,2,0.0326289891365642,25,0.88299,0.8645
line,0.5,2,0.0326289891365642,30,0.88283,0.8689
line,0.5,2,0.0326289891365642,35,0.88278,0.8724
line,0.5,2,0.0326289891365642,40,0.88606,0.8672
line,0.5,2,0.0326289891365642,45,0.8855600000000001,0.8689
line,0.5,2,0.0326289891365642,50,0.8846399999999999,0.8644
line,0.5,3,0.0326289891365642,5,0.81913,0.7948
line,0.5,3,0.0326289891365642,10,0.85869,0.8462
line,0.5,3,0.0326289891365642,15,0.8683,0.8516
line,0.5,3,0.0326289891365642,20,0.8733000000000001,0.8597
line,0.5,3,0.0326289891365642,25,0.88003,0.8588
line,0.5,3,0.0326289891365642,30,0.8821999999999999,0.865
line,0.5,3,0.0326289891365642,35,0.88194,0.8658
line,0.5,3,0.0326289891365642,40,0.885,0.8653
line,0.5,3,0.0326289891365642,45,0.88376,0.8568
line,0.5,3,0.0326289891365642,50,0.88377,0.8647
line,0.5,4,0.0326289891365642,5,0.78213,0.6677
line,0.5,4,0.0326289891365642,10,0.8345,0.7506
line,0.5,4,0.0326289891365642,15,0.8573999999999999,0.7948
line,0.5,4,0.0326289891365642,20,0.8634499999999999,0.7784
line,0.5,4,0.0326289891365642,25,0.8675599999999999,0.7913
line,0.5,4,0.0326289891365642,30,0.8702500000000001,0.7983
line,0.5,4,0.0326289891365642,35,0.8756,0.8082
line,0.5,4,0.0326289891365642,40,0.8700300000000001,0.8061
line,0.5,4,0.0326289891365642,45,0.8720100000000001,0.7959
line,0.5,4,0.0326289891365642,50,0.8758000000000001,0.8152
line,0.5,5,0.0326289891365642,5,0.80358,0.7597
line,0.5,5,0.0326289891365642,10,0.85068,0.8186
line,0.5,5,0.0326289891365642,15,0.8627,0.8374
line,0.5,5,0.0326289891365642,20,0.86826,0.84
line,0.5,5,0.0326289891365642,25,0.8722099999999999,0.8472
line,0.5,5,0.0326289891365642,30,0.87421,0.8468
line,0.5,5,0.0326289891365642,35,0.8769199999999999,0.8499
line,0.5,5,0.0326289891365642,40,0.87974,0.8424
line,0.5,5,0.0326289891365642,45,0.8788,0.8495
line,0.5,5,0.0326289891365642,50,0.8785299999999999,0.8366
line,0.5,6,0.0326289891365642,5,0.80752,0.743
line,0.5,6,0.0326289891365642,10,0.8520300000000001,0.7811
line,0.5,6,0.0326289891365642,15,0.8596,0.8019
line,0.5,6,0.0326289891365642,20,0.87231,0.8077
line,0.5,6,0.0326289891365642,25,0.87767,0.8284
line,0.5,6,0.0326289891365642,30,0.8828099999999999,0.8384
line,0.5,6,0.0326289891365642,35,0.88028,0.8364
line,0.5,6,0.0326289891365642,40,0.8849199999999999,0.8547
line,0.5,6,0.0326289891365642,45,0.88444,0.8355
line,0.5,6,0.0326289891365642,50,0.8870699999999999,0.8527
line,0.5,7,0.0326289891365642,5,0.77317,0.732
line,0.5,7,0.0326289891365642,10,0.8154999999999999,0.759
line,0.5,7,0.0326289891365642,15,0.84425,0.7993
line,0.5,7,0.0326289891365642,20,0.8503499999999999,0.8119
line,0.5,7,0.0326289891365642,25,0.85716,0.8122
line,0.5,7,0.0326289891365642,30,0.86593,0.8198
line,0.5,7,0.0326289891365642,35,0.86889,0.822
line,0.5,7,0.0326289891365642,40,0.8687799999999999,0.8245
line,0.5,7,0.0326289891365642,45,0.86506,0.8485
line,0.5,7,0.0326289891365642,50,0.86958,0.8324
line,0.5,8,0.0326289891365642,5,0.84971,0.8299
line,0.5,8,0.0326289891365642,10,0.87026,0.8461
line,0.5,8,0.0326289891365642,15,0.88343,0.8698
line,0.5,8,0.0326289891365642,20,0.8868499999999999,0.8573
line,0.5,8,0.0326289891365642,25,0.89236,0.8725
line,0.5,8,0.0326289891365642,30,0.8938600000000001,0.8815
line,0.5,8,0.0326289891365642,35,0.8939999999999999,0.8738
line,0.5,8,0.0326289891365642,40,0.89857,0.8901
line,0.5,8,0.0326289891365642,45,0.8978300000000001,0.8826
line,0.5,8,0.0326289891365642,50,0.89718,0.8829
line,0.5,9,0.0326289891365642,5,0.7954100000000001,0.7517
line,0.5,9,0.0326289891365642,10,0.83431,0.7953
line,0.5,9,0.0326289891365642,15,0.8565900000000001,0.8134
line,0.5,9,0.0326289891365642,20,0.8627800000000001,0.8268
line,0.5,9,0.0326289891365642,25,0.87013,0.8438
line,0.5,9,0.0326289891365642,30,0.8722300000000001,0.8499
line,0.5,9,0.0326289891365642,35,0.8766700000000001,0.8609
line,0.5,9,0.0326289891365642,40,0.8796799999999999,0.8602
line,0.5,9,0.0326289891365642,45,0.88049,0.8557
line,0.5,9,0.0326289891365642,50,0.87407,0.8468
line,0.1,0,0.0326289891365642,5,0.50855,0.4114
line,0.1,0,0.0326289891365642,10,0.5612600000000001,0.4457
line,0.1,0,0.0326289891365642,15,0.5872200000000001,0.478
line,0.1,0,0.0326289891365642,20,0.60041,0.4746
line,0.1,0,0.0326289891365642,25,0.61622,0.4804
line,0.1,0,0.0326289891365642,30,0.63572,0.5003
line,0.1,0,0.0326289891365642,35,0.64216,0.508
line,0.1,0,0.0326289891365642,40,0.65317,0.5247
line,0.1,0,0.0326289891365642,45,0.66247,0.5318
line,0.1,0,0.0326289891365642,50,0.66649,0.5351
line,0.1,1,0.0326289891365642,5,0.57722,0.4051
line,0.1,1,0.0326289891365642,10,0.6450199999999999,0.4237
line,0.1,1,0.0326289891365642,15,0.66737,0.4398
line,0.1,1,0.0326289891365642,20,0.69462,0.4735
line,0.1,1,0.0326289891365642,25,0.70891,0.5095
line,0.1,1,0.0326289891365642,30,0.7194200000000001,0.4942
line,0.1,1,0.0326289891365642,35,0.72459,0.5369
line,0.1,1,0.0326289891365642,40,0.74031,0.5801
line,0.1,1,0.0326289891365642,45,0.74563,0.5724
line,0.1,1,0.0326289891365642,50,0.75232,0.5948
line,0.1,2,0.0326289891365642,5,0.53366,0.4182
line,0.1,2,0.0326289891365642,10,0.61065,0.4632
line,0.1,2,0.0326289891365642,15,0.62806,0.4727
line,0.1,2,0.0326289891365642,20,0.64338,0.4898
line,0.1,2,0.0326289891365642,25,0.65496,0.5005
line,0.1,2,0.0326289891365642,30,0.6609,0.5184
line,0.1,2,0.0326289891365642,35,0.66866,0.4837
line,0.1,2,0.0326289891365642,40,0.67406,0.5169
line,0.1,2,0.0326289891365642,45,0.68719,0.5316
line,0.1,2,0.0326289891365642,50,0.68189,0.5229
line,0.1,3,0.0326289891365642,5,0.4971,0.4092
line,0.1,3,0.0326289891365642,10,0.55106,0.4364
line,0.1,3,0.0326289891365642,15,0.5679000000000001,0.4308
line,0.1,3,0.0326289891365642,20,0.5931599999999999,0.4465
line,0.1,3,0.0326289891365642,25,0.59131,0.4839
line,0.1,3,0.0326289891365642,30,0.61182,0.4805
line,0.1,3,0.0326289891365642,35,0.63019,0.4854
line,0.1,3,0.0326289891365642,40,0.61687,0.4894
line,0.1,3,0.0326289891365642,45,0.64003,0.4871
line,0.1,3,0.0326289891365642,50,0.64083,0.4764
line,0.1,4,0.0326289891365642,5,0.5071,0.3439
line,0.1,4,0.0326289891365642,10,0.5678799999999999,0.3557
line,0.1,4,0.0326289891365642,15,0.6120599999999999,0.4151
line,0.1,4,0.0326289891365642,20,0.6413599999999999,0.4041
line,0.1,4,0.0326289891365642,25,0.66108,0.4201
line,0.1,4,0.0326289891365642,30,0.66284,0.4293
line,0.1,4,0.0326289891365642,35,0.67473,0.4622
line,0.1,4,0.0326289891365642,40,0.6825300000000001,0.4973
line,0.1,4,0.0326289891365642,45,0.7042900000000001,0.5474
line,0.1,4,0.0326289891365642,50,0.71052,0.5313
line,0.1,5,0.0326289891365642,5,0.49291999999999997,0.3171
line,0.1,5,0.0326289891365642,10,0.58549,0.3849
line,0.1,5,0.0326289891365642,15,0.63068,0.4038
line,0.1,5,0.0326289891365642,20,0.6618700000000001,0.4544
line,0.1,5,0.0326289891365642,25,0.67555,0.4842
line,0.1,5,0.0326289891365642,30,0.69599,0.5252
line,0.1,5,0.0326289891365642,35,0.70546,0.4792
line,0.1,5,0.0326289891365642,40,0.70793,0.5038
line,0.1,5,0.0326289891365642,45,0.72387,0.5178
line,0.1,5,0.0326289891365642,50,0.73909,0.585
line,0.1,6,0.0326289891365642,5,0.63079,0.3985
line,0.1,6,0.0326289891365642,10,0.68347,0.4701
line,0.1,6,0.0326289891365642,15,0.69804,0.4867
line,0.1,6,0.0326289891365642,20,0.72238,0.5225
line,0.1,6,0.0326289891365642,25,0.72854,0.5355
line,0.1,6,0.0326289891365642,30,0.7455700000000001,0.5547
line,0.1,6,0.0326289891365642,35,0.7515400000000001,0.5258
line,0.1,6,0.0326289891365642,40,0.7571399999999999,0.5484
line,0.1,6,0.0326289891365642,45,0.7641,0.5619
line,0.1,6,0.0326289891365642,50,0.77168,0.5739
line,0.1,7,0.0326289891365642,5,0.48544,0.2671
line,0.1,7,0.0326289891365642,10,0.53781,0.2762
line,0.1,7,0.0326289891365642,15,0.5670200000000001,0.2778
line,0.1,7,0.0326289891365642,20,0.58611,0.2848
line,0.1,7,0.0326289891365642,25,0.61653,0.3464
line,0.1,7,0.0326289891365642,30,0.6306700000000001,0.4409
line,0.1,7,0.0326289891365642,35,0.63607,0.4792
line,0.1,7,0.0326289891365642,40,0.65018,0.4222
line,0.1,7,0.0326289891365642,45,0.6535,0.4408
line,0.1,7,0.0326289891365642,50,0.67646,0.5137
line,0.1,8,0.0326289891365642,5,0.58719,0.3506
line,0.1,8,0.0326289891365642,10,0.6561600000000001,0.384
line,0.1,8,0.0326289891365642,15,0.67212,0.3905
line,0.1,8,0.0326289891365642,20,0.6885,0.3928
line,0.1,8,0.0326289891365642,25,0.68975,0.39
line,0.1,8,0.0326289891365642,30,0.71535,0.4602
line,0.1,8,0.0326289891365642,35,0.71966,0.4942
line,0.1,8,0.0326289891365642,40,0.73213,0.5866
line,0.1,8,0.0326289891365642,45,0.74322,0.5929
line,0.1,8,0.0326289891365642,50,0.7461599999999999,0.6026
line,0.1,9,0.0326289891365642,5,0.50213,0.3408
line,0.1,9,0.0326289891365642,10,0.54564,0.3845
line,0.1,9,0.0326289891365642,15,0.62829,0.4554
line,0.1,9,0.0326289891365642,20,0.64612,0.5295
line,0.1,9,0.0326289891365642,25,0.6622,0.5352
line,0.1,9,0.0326289891365642,30,0.6800499999999999,0.5457
line,0.1,9,0.0326289891365642,35,0.68089,0.5776
line,0.1,9,0.0326289891365642,40,0.71156,0.6352
line,0.1,9,0.0326289891365642,45,0.72514,0.6643
line,0.1,9,0.0326289891365642,50,0.72553,0.6502
ring,100.0,0,0.12732200375003488,5,0.8787900000000001,0.8758
ring,100.0,0,0.12732200375003488,10,0.89585,0.8938
ring,100.0,0,0.12732200375003488,15,0.9028700000000001,0.8995
ring,100.0,0,0.12732200375003488,20,0.90808,0.9059
ring,100.0,0,0.12732200375003488,25,0.9098499999999999,0.9079
ring,100.0,0,0.12732200375003488,30,0.91213,0.9099
ring,100.0,0,0.12732200375003488,35,0.9127700000000001,0.9095
ring,100.0,0,0.12732200375003488,40,0.9133800000000001,0.9113
ring,100.0,0,0.12732200375003488,45,0.91267,0.9095
ring,100.0,0,0.12732200375003488,50,0.9134499999999999,0.9106
ring,100.0,1,0.12732200375003488,5,0.87978,0.8763
ring,100.0,1,0.12732200375003488,10,0.8969400000000001,0.8937
ring,100.0,1,0.12732200375003488,15,0.90642,0.9034
ring,100.0,1,0.12732200375003488,20,0.90847,0.9053
ring,100.0,1,0.12732200375003488,25,0.9131500000000001,0.9111
ring,100.0,1,0.12732200375003488,30,0.9157,0.9134
ring,100.0,1,0.12732200375003488,35,0.91529,0.9127
ring,100.0,1,0.12732200375003488,40,0.9151299999999999,0.9128
ring,100.0,1,0.12732200375003488,45,0.9147000000000001,0.912
ring,100.0,1,0.12732200375003488,50,0.9166000000000001,0.9147
ring,100.0,2,0.12732200375003488,5,0.8767900000000001,0.8736
ring,100.0,2,0.12732200375003488,10,0.89573,0.8922
ring,100.0,2,0.12732200375003488,15,0.90689,0.9031
ring,100.0,2,0.12732200375003488,20,0.91103,0.9086
ring,100.0,2,0.12732200375003488,25,0.9139900000000001,0.9118
ring,100.0,2,0.12732200375003488,30,0.9145099999999999,0.9104
ring,100.0,2,0.12732200375003488,35,0.9150600000000001,0.9126
ring,100.0,2,0.12732200375003488,40,0.91638,0.9138
ring,100.0,2,0.12732200375003488,45,0.91702,0.9139
ring,100.0,2,0.12732200375003488,50,0.9158,0.9122
ring,100.0,3,0.12732200375003488,5,0.8787200000000001,0.8738
ring,100.0,3,0.12732200375003488,10,0.89604,0.8933
ring,100.0,3,0.12732200375003488,15,0.9042199999999999,0.9018
ring,100.0,3,0.12732200375003488,20,0.90883,0.9054
ring,100.0,3,0.12732200375003488,25,0.9106299999999999,0.9065
ring,100.0,3,0.12732200375003488,30,0.9117000000000001,0.9106
ring,100.0,3,0.12732200375003488,35,0.91228,0.9091
ring,100.0,3,0.12732200375003488,40,0.9137700000000001,0.9109
ring,100.0,3,0.12732200375003488,45,0.9134499999999999,0.9091
ring,100.0,3,0.12732200375003488,50,0.91367,0.9104
ring,100.0,4,0.12732200375003488,5,0.8779299999999999,0.8756
ring,100.0,4,0.12732200375003488,10,0.89388,0.8906
ring,100.0,4,0.12732200375003488,15,0.90328,0.9009
ring,100.0,4,0.12732200375003488,20,0.9102499999999999,0.9083
ring,100.0,4,0.12732200375003488,25,0.9126899999999999,0.9117
ring,100.0,4,0.12732200375003488,30,0.9138999999999999,0.9112
ring,100.0,4,0.12732200375003488,35,0.91454,0.9122
ring,100.0,4,0.12732200375003488,40,0.91666,0.9144
ring,100.0,4,0.12732200375003488,45,0.91583,0.9142
ring,100.0,4,0.12732200375003488,50,0.91669,0.9152
ring,100.0,5,0.12732200375003488,5,0.8782400000000001,0.8748
ring,100.0,5,0.12732200375003488,10,0.89634,0.8936
ring,100.0,5,0.12732200375003488,15,0.9045300000000001,0.9009
ring,100.0,5,0.12732200375003488,20,0.90822,0.9061
ring,100.0,5,0.12732200375003488,25,0.91112,0.9088
ring,100.0,5,0.12732200375003488,30,0.9123300000000001,0.9109
ring,100.0,5,0.12732200375003488,35,0.91486,0.9136
ring,100.0,5,0.12732200375003488,40,0.9129099999999999,0.9103
ring,100.0,5,0.12732200375003488,45,0.91386,0.912
ring,100.0,5,0.12732200375003488,50,0.91509,0.9122
ring,100.0,6,0.12732200375003488,5,0.87683,0.8712
ring,100.0,6,0.12732200375003488,10,0.89679,0.8923
ring,100.0,6,0.12732200375003488,15,0.9047499999999999,0.9024
ring,100.0,6,0.12732200375003488,20,0.91031,0.9083
ring,100.0,6,0.12732200375003488,25,0.91299,0.9117
ring,100.0,6,0.12732200375003488,30,0.91441,0.9121
ring,100.0,6,0.12732200375003488,35,0.91562,0.9123
ring,100.0,6,0.12732200375003488,40,0.91755,0.9154
ring,100.0,6,0.12732200375003488,45,0.91519,0.9132
ring,100.0,6,0.12732200375003488,50,0.9158799999999999,0.9138
ring,100.0,7,0.12732200375003488,5,0.8780699999999999,0.8743
ring,100.0,7,0.12732200375003488,10,0.89408,0.893
ring,100.0,7,0.12732200375003488,15,0.90299,0.8981
ring,100.0,7,0.12732200375003488,20,0.90762,0.905
ring,100.0,7,0.12732200375003488,25,0.9125400000000001,0.9102
ring,100.0,7,0.12732200375003488,30,0.91349,0.9117
ring,100.0,7,0.12732200375003488,35,0.91417,0.9117
ring,100.0,7,0.12732200375003488,40,0.91439,0.911
ring,100.0,7,0.12732200375003488,45,0.91478,0.9138
ring,100.0,7,0.12732200375003488,50,0.91494,0.9132
ring,100.0,8,0.12732200375003488,5,0.8736200000000001,0.8695
ring,100.0,8,0.12732200375003488,10,0.8928699999999999,0.8896
ring,100.0,8,0.12732200375003488,15,0.90374,0.9016
ring,100.0,8,0.12732200375003488,20,0.90784,0.9064
ring,100.0,8,0.12732200375003488,25,0.9129099999999999,0.9115
ring,100.0,8,0.12732200375003488,30,0.91341,0.9107
ring,100.0,8,0.12732200375003488,35,0.9141199999999999,0.9125
ring,100.0,8,0.12732200375003488,40,0.91403,0.9115
ring,100.0,8,0.12732200375003488,45,0.9149900000000001,0.9118
ring,100.0,8,0.12732200375003488,50,0.91465,0.9127
ring,100.0,9,0.12732200375003488,5,0.8780699999999999,0.8721
ring,100.0,9,0.12732200375003488,10,0.89563,0.8919
ring,100.0,9,0.12732200375003488,15,0.90331,0.9015
ring,100.0,9,0.12732200375003488,20,0.9087,0.906
ring,100.0,9,0.12732200375003488,25,0.91105,0.909
ring,100.0,9,0.12732200375003488,30,0.9123300000000001,0.9093
ring,100.0,9,0.12732200375003488,35,0.9136599999999999,0.9117
ring,100.0,9,0.12732200375003488,40,0.91516,0.9115
ring,100.0,9,0.12732200375003488,45,0.91485,0.9118
ring,100.0,9,0.12732200375003488,50,0.91349,0.9117
ring,0.5,0,0.12732200375003488,5,0.80338,0.7635
ring,0.5,0,0.12732200375003488,10,0.8366300000000001,0.7981
ring,0.5,0,0.12732200375003488,15,0.8589100000000001,0.8172
ring,0.5,0,0.12732200375003488,20,0.8599399999999999,0.8192
ring,0.5,0,0.12732200375003488,25,0.87377,0.8357
ring,0.5,0,0.12732200375003488,30,0.8755700000000001,0.8308
ring,0.5,0,0.12732200375003488,35,0.8801399999999999,0.8421
ring,0.5,0,0.12732200375003488,40,0.88238,0.8468
ring,0.5,0,0.12732200375003488,45,0.8829499999999999,0.85
ring,0.5,0,0.12732200375003488,50,0.88296,0.8478
ring,0.5,1,0.12732200375003488,5,0.8226100000000001,0.7863
ring,0.5,1,0.12732200375003488,10,0.8554700000000001,0.8155
ring,0.5,1,0.12732200375003488,15,0.8684799999999999,0.8392
ring,0.5,1,0.12732200375003488,20,0.8713900000000001,0.8335
ring,0.5,1,0.12732200375003488,25,0.88013,0.8591
ring,0.5,1,0.12732200375003488,30,0.8810399999999999,0.849
ring,0.5,1,0.12732200375003488,35,0.88235,0.8604
ring,0.5,1,0.12732200375003488,40,0.88587,0.8587
ring,0.5,1,0.12732200375003488,45,0.88392,0.8446
ring,0.5,1,0.12732200375003488,50,0.89033,0.8723
ring,0.5,2,0.12732200375003488,5,0.8137700000000001,0.7495
ring,0.5,2,0.12732200375003488,10,0.86007,0.842
ring,0.5,2,0.12732200375003488,15,0.87607,0.8577
ring,0.5,2,0.12732200375003488,20,0.88233,0.8631
ring,0.5,2,0.12732200375003488,25,0.8877499999999999,0.8755
ring,0.5,2,0.12732200375003488,30,0.89114,0.8855
ring,0.5,2,0.12732200375003488,35,0.8911300000000001,0.8789
ring,0.5,2,0.12732200375003488,40,0.8930199999999999,0.8873
ring,0.5,2,0.12732200375003488,45,0.89341,0.8789
ring,0.5,2,0.12732200375003488,50,0.89354,0.8788
ring,0.5,3,0.12732200375003488,5,0.81992,0.7959
ring,0.5,3,0.12732200375003488,10,0.86211,0.8434
ring,0.5,3,0.12732200375003488,15,0.8732300000000001,0.8561
ring,0.5,3,0.12732200375003488,20,0.8788499999999999,0.8646
ring,0.5,3,0.12732200375003488,25,0.8871100000000001,0.8746
ring,0.5,3,0.12732200375003488,30,0.88745,0.8804
ring,0.5,3,0.12732200375003488,35,0.88881,0.8724
ring,0.5,3,0.12732200375003488,40,0.8918000000000001,0.8806
ring,0.5,3,0.12732200375003488,45,0.89125,0.8828
ring,0.5,3,0.12732200375003488,50,0.88842,0.8737
ring,0.5,4,0.12732200375003488,5,0.79237,0.676
ring,0.5,4,0.12732200375003488,10,0.8447699999999999,0.7763
ring,0.5,4,0.12732200375003488,15,0.86457,0.8127
ring,0.5,4,0.12732200375003488,20,0.8740600000000001,0.8328
ring,0.5,4,0.12732200375003488,25,0.87948,0.839
ring,0.5,4,0.12732200375003488,30,0.8793200000000001,0.8341
ring,0.5,4,0.12732200375003488,35,0.8862099999999999,0.8383
ring,0.5,4,0.12732200375003488,40,0.88371,0.8493
ring,0.5,4,0.12732200375003488,45,0.8877200000000001,0.8408
ring,0.5,4,0.12732200375003488,50,0.8880700000000001,0.8535
ring,0.5,5,0.12732200375003488,5,0.81021,0.7505
ring,0.5,5,0.12732200375003488,10,0.85825,0.8181
ring,0.5,5,0.12732200375003488,15,0.87055,0.8376
ring,0.5,5,0.12732200375003488,20,0.87585,0.8431
ring,0.5,5,0.12732200375003488,25,0.88025,0.8624
ring,0.5,5,0.12732200375003488,30,0.8860300000000001,0.8583
ring,0.5,5,0.12732200375003488,35,0.88415,0.8449
ring,0.5,5,0.12732200375003488,40,0.88735,0.8597
ring,0.5,5,0.12732200375003488,45,0.88924,0.8675
ring,0.5,5,0.12732200375003488,50,0.8899800000000001,0.87
ring,0.5,6,0.12732200375003488,5,0.80274,0.746
ring,0.5,6,0.12732200375003488,10,0.8523099999999999,0.7836
ring,0.5,6,0.12732200375003488,15,0.8633900000000001,0.8139
ring,0.5,6,0.12732200375003488,20,0.8779199999999999,0.8195
ring,0.5,6,0.12732200375003488,25,0.88041,0.842
ring,0.5,6,0.12732200375003488,30,0.88953,0.8485
ring,0.5,6,0.12732200375003488,35,0.88717,0.8478
ring,0.5,6,0.12732200375003488,40,0.8923099999999999,0.8559
ring,0.5,6,0.12732200375003488,45,0.89359,0.8623
ring,0.5,6,0.12732200375003488,50,0.8918200000000001,0.8553
ring,0.5,7,0.12732200375003488,5,0.7861100000000001,0.7313
ring,0.5,7,0.12732200375003488,10,0.82997,0.7873
ring,0.5,7,0.12732200375003488,15,0.85524,0.8111
ring,0.5,7,0.12732200375003488,20,0.8630800000000001,0.8432
ring,0.5,7,0.12732200375003488,25,0.87279,0.8486
ring,0.5,7,0.12732200375003488,30,0.8781100000000001,0.8584
ring,0.5,7,0.12732200375003488,35,0.87996,0.8611
ring,0.5,7,0.12732200375003488,40,0.87955,0.8644
ring,0.5,7,0.12732200375003488,45,0.88133,0.8627
ring,0.5,7,0.12732200375003488,50,0.88214,0.8642
ring,0.5,8,0.12732200375003488,5,0.85029,0.8294
ring,0.5,8,0.12732200375003488,10,0.8732099999999999,0.8562
ring,0.5,8,0.12732200375003488,15,0.8846399999999999,0.8677
ring,0.5,8,0.12732200375003488,20,0.89183,0.8806
ring,0.5,8,0.12732200375003488,25,0.8972,0.8831
ring,0.5,8,0.12732200375003488,30,0.9007999999999999,0.8941
ring,0.5,8,0.12732200375003488,35,0.90215,0.8937
ring,0.5,8,0.12732200375003488,40,0.90406,0.8963
ring,0.5,8,0.12732200375003488,45,0.90588,0.8939
ring,0.5,8,0.12732200375003488,50,0.90404,0.897
ring,0.5,9,0.12732200375003488,5,0.79616,0.7438
ring,0.5,9,0.12732200375003488,10,0.84008,0.7902
ring,0.5,9,0.12732200375003488,15,0.86305,0.8135
ring,0.5,9,0.12732200375003488,20,0.8721399999999999,0.8337
ring,0.5,9,0.12732200375003488,25,0.87522,0.836
ring,0.5,9,0.12732200375003488,30,0.8815999999999999,0.854
ring,0.5,9,0.12732200375003488,35,0.88676,0.8602
ring,0.5,9,0.12732200375003488,40,0.88461,0.8424
ring,0.5,9,0.12732200375003488,45,0.8908099999999999,0.8734
ring,0.5,9,0.12732200375003488,50,0.88863,0.8561
ring,0.1,0,0.12732200375003488,5,0.51244,0.396
ring,0.1,0,0.12732200375003488,10,0.5631,0.446
ring,0.1,0,0.12732200375003488,15,0.58836,0.4822
ring,0.1,0,0.12732200375003488,20,0.61216,0.4881
ring,0.1,0,0.12732200375003488,25,0.6292099999999999,0.4991
ring,0.1,0,0.12732200375003488,30,0.64829,0.5154
ring,0.1,0,0.12732200375003488,35,0.66282,0.5342
ring,0.1,0,0.12732200375003488,40,0.67316,0.5581
ring,0.1,0,0.12732200375003488,45,0.68021,0.5628
ring,0.1,0,0.12732200375003488,50,0.69913,0.5842
ring,0.1,1,0.12732200375003488,5,0.5980800000000001,0.4249
ring,0.1,1,0.12732200375003488,10,0.66831,0.5482
ring,0.1,1,0.12732200375003488,15,0.7039099999999999,0.6153
ring,0.1,1,0.12732200375003488,20,0.7263,0.667
ring,0.1,1,0.12732200375003488,25,0.73882,0.6558
ring,0.1,1,0.12732200375003488,30,0.74673,0.6625
ring,0.1,1,0.12732200375003488,35,0.7522599999999999,0.6853
ring,0.1,1,0.12732200375003488,40,0.76783,0.7068
ring,0.1,1,0.12732200375003488,45,0.76561,0.6982
ring,0.1,1,0.12732200375003488,50,0.7679199999999999,0.6766
ring,0.1,2,0.12732200375003488,5,0.53921,0.3929
ring,0.1,2,0.12732200375003488,10,0.60873,0.4353
ring,0.1,2,0.12732200375003488,15,0.63925,0.5053
ring,0.1,2,0.12732200375003488,20,0.65642,0.5226
ring,0.1,2,0.12732200375003488,25,0.67927,0.6089
ring,0.1,2,0.12732200375003488,30,0.6835,0.6205
ring,0.1,2,0.12732200375003488,35,0.69782,0.6074
ring,0.1,2,0.12732200375003488,40,0.70912,0.6358
ring,0.1,2,0.12732200375003488,45,0.71953,0.6214
ring,0.1,2,0.12732200375003488,50,0.72854,0.6458
ring,0.1,3,0.12732200375003488,5,0.5352699999999999,0.4273
ring,0.1,3,0.12732200375003488,10,0.5964400000000001,0.4479
ring,0.1,3,0.12732200375003488,15,0.62474,0.4879
ring,0.1,3,0.12732200375003488,20,0.64516,0.471
ring,0.1,3,0.12732200375003488,25,0.64848,0.4906
ring,0.1,3,0.12732200375003488,30,0.6627099999999999,0.4977
ring,0.1,3,0.12732200375003488,35,0.67531,0.5077
ring,0.1,3,0.12732200375003488,40,0.67129,0.4986
ring,0.1,3,0.12732200375003488,45,0.69517,0.5364
ring,0.1,3,0.12732200375003488,50,0.70692,0.5627
ring,0.1,4,0.12732200375003488,5,0.52654,0.3854
ring,0.1,4,0.12732200375003488,10,0.6053499999999999,0.4643
ring,0.1,4,0.12732200375003488,15,0.64943,0.5463
ring,0.1,4,0.12732200375003488,20,0.6906100000000001,0.5973
ring,0.1,4,0.12732200375003488,25,0.7105,0.6507
ring,0.1,4,0.12732200375003488,30,0.71536,0.6416
ring,0.1,4,0.12732200375003488,35,0.72417,0.6428
ring,0.1,4,0.12732200375003488,40,0.72786,0.6698
ring,0.1,4,0.12732200375003488,45,0.73264,0.6574
ring,0.1,4,0.12732200375003488,50,0.7470100000000001,0.6979
ring,0.1,5,0.12732200375003488,5,0.5496000000000001,0.3226
ring,0.1,5,0.12732200375003488,10,0.6403000000000001,0.385
ring,0.1,5,0.12732200375003488,15,0.69353,0.415
ring,0.1,5,0.12732200375003488,20,0.7301599999999999,0.465
ring,0.1,5,0.12732200375003488,25,0.73493,0.504
ring,0.1,5,0.12732200375003488,30,0.74509,0.5317
ring,0.1,5,0.12732200375003488,35,0.7573399999999999,0.5114
ring,0.1,5,0.12732200375003488,40,0.76161,0.5452
ring,0.1,5,0.12732200375003488,45,0.77371,0.5892
ring,0.1,5,0.12732200375003488,50,0.77947,0.6303
ring,0.1,6,0.12732200375003488,5,0.6582899999999999,0.3766
ring,0.1,6,0.12732200375003488,10,0.71159,0.5146
ring,0.1,6,0.12732200375003488,15,0.73527,0.5539
ring,0.1,6,0.12732200375003488,20,0.75371,0.5786
ring,0.1,6,0.12732200375003488,25,0.75934,0.6023
ring,0.1,6,0.12732200375003488,30,0.7737700000000001,0.6315
ring,0.1,6,0.12732200375003488,35,0.77796,0.6369
ring,0.1,6,0.12732200375003488,40,0.78203,0.6441
ring,0.1,6,0.12732200375003488,45,0.79048,0.6526
ring,0.1,6,0.12732200375003488,50,0.79457,0.6606
ring,0.1,7,0.12732200375003488,5,0.52166,0.396
ring,0.1,7,0.12732200375003488,10,0.57972,0.4512
ring,0.1,7,0.12732200375003488,15,0.63139,0.506
ring,0.1,7,0.12732200375003488,20,0.64934,0.5249
ring,0.1,7,0.12732200375003488,25,0.67591,0.5782
ring,0.1,7,0.12732200375003488,30,0.68656,0.6139
ring,0.1,7,0.12732200375003488,35,0.68338,0.6042
ring,0.1,7,0.12732200375003488,40,0.7102,0.6366
ring,0.1,7,0.12732200375003488,45,0.70933,0.6444
ring,0.1,7,0.12732200375003488,50,0.71997,0.6619
ring,0.1,8,0.12732200375003488,5,0.6076699999999999,0.4808
ring,0.1,8,0.12732200375003488,10,0.68899,0.5996
ring,0.1,8,0.12732200375003488,15,0.71149,0.6295
ring,0.1,8,0.12732200375003488,20,0.72729,0.6427
ring,0.1,8,0.12732200375003488,25,0.7347,0.6722
ring,0.1,8,0.12732200375003488,30,0.74654,0.6672
ring,0.1,8,0.12732200375003488,35,0.75129,0.6685
ring,0.1,8,0.12732200375003488,40,0.75835,0.668
ring,0.1,8,0.12732200375003488,45,0.77349,0.7041
ring,0.1,8,0.12732200375003488,50,0.7700899999999999,0.6858
ring,0.1,9,0.12732200375003488,5,0.50258,0.3259
ring,0.1,9,0.12732200375003488,10,0.56728,0.3753
ring,0.1,9,0.12732200375003488,15,0.6474300000000001,0.4623
ring,0.1,9,0.12732200375003488,20,0.66764,0.5161
ring,0.1,9,0.12732200375003488,25,0.69523,0.5403
ring,0.1,9,0.12732200375003488,30,0.71985,0.5862
ring,0.1,9,0.12732200375003488,35,0.73354,0.6335
ring,0.1,9,0.12732200375003488,40,0.75169,0.6797
ring,0.1,9,0.12732200375003488,45,0.74771,0.6549
ring,0.1,9,0.12732200375003488,50,0.7730699999999999,0.7101
star,100.0,0,0.09999999999999865,5,0.87005,0.864
star,100.0,0,0.09999999999999865,10,0.88216,0.8737
star,100.0,0,0.09999999999999865,15,0.8876100000000001,0.8811
star,100.0,0,0.09999999999999865,20,0.8877499999999999,0.8766
star,100.0,0,0.09999999999999865,25,0.88827,0.8755
star,100.0,0,0.09999999999999865,30,0.89286,0.8865
star,100.0,0,0.09999999999999865,35,0.8947799999999999,0.8876
star,100.0,0,0.09999999999999865,40,0.8933199999999999,0.8834
star,100.0,0,0.09999999999999865,45,0.89491,0.8861
star,100.0,0,0.09999999999999865,50,0.8950100000000001,0.889
star,100.0,1,0.09999999999999865,5,0.8679,0.8606
star,100.0,1,0.09999999999999865,10,0.8815200000000001,0.8671
star,100.0,1,0.09999999999999865,15,0.8875,0.8807
star,100.0,1,0.09999999999999865,20,0.88939,0.879
star,100.0,1,0.09999999999999865,25,0.8938600000000001,0.8876
star,100.0,1,0.09999999999999865,30,0.8928799999999999,0.8837
star,100.0,1,0.09999999999999865,35,0.8951800000000001,0.8872
star,100.0,1,0.09999999999999865,40,0.89703,0.8875
star,100.0,1,0.09999999999999865,45,0.89638,0.8872
star,100.0,1,0.09999999999999865,50,0.8973699999999999,0.8901
star,100.0,2,0.09999999999999865,5,0.8663700000000001,0.8566
star,100.0,2,0.09999999999999865,10,0.87835,0.8602
star,100.0,2,0.09999999999999865,15,0.8883599999999999,0.8826
star,100.0,2,0.09999999999999865,20,0.8892200000000001,0.8772
star,100.0,2,0.09999999999999865,25,0.89284,0.8874
star,100.0,2,0.09999999999999865,30,0.8953900000000001,0.8869
star,100.0,2,0.09999999999999865,35,0.8974499999999999,0.8926
star,100.0,2,0.09999999999999865,40,0.89831,0.8926
star,100.0,2,0.09999999999999865,45,0.8980599999999999,0.891
star,100.0,2,0.09999999999999865,50,0.8976900000000001,0.8906
star,100.0,3,0.09999999999999865,5,0.8650399999999999,0.8531
star,100.0,3,0.09999999999999865,10,0.88078,0.8702
star,100.0,3,0.09999999999999865,15,0.88667,0.8802
star,100.0,3,0.09999999999999865,20,0.88896,0.8781
star,100.0,3,0.09999999999999865,25,0.89056,0.881
star,100.0,3,0.09999999999999865,30,0.8912100000000001,0.8816
star,100.0,3,0.09999999999999865,35,0.8909100000000001,0.8829
star,100.0,3,0.09999999999999865,40,0.89277,0.8871
star,100.0,3,0.09999999999999865,45,0.89408,0.8863
star,100.0,3,0.09999999999999865,50,0.89602,0.8883
star,100.0,4,0.09999999999999865,5,0.86776,0.8575
star,100.0,4,0.09999999999999865,10,0.87843,0.8727
star,100.0,4,0.09999999999999865,15,0.8848800000000001,0.8651
star,100.0,4,0.09999999999999865,20,0.89033,0.8834
star,100.0,4,0.09999999999999865,25,0.8935600000000001,0.887
star,100.0,4,0.09999999999999865,30,0.89527,0.8882
star,100.0,4,0.09999999999999865,35,0.8948,0.8877
star,100.0,4,0.09999999999999865,40,0.8963300000000001,0.8903
star,100.0,4,0.09999999999999865,45,0.8988400000000001,0.8933
star,100.0,4,0.09999999999999865,50,0.89782,0.8863
star,100.0,5,0.09999999999999865,5,0.8669499999999999,0.8612
star,100.0,5,0.09999999999999865,10,0.88038,0.874
star,100.0,5,0.09999999999999865,15,0.8863099999999999,0.8782
star,100.0,5,0.09999999999999865,20,0.88939,0.8798
star,100.0,5,0.09999999999999865,25,0.8898199999999999,0.8841
star,100.0,5,0.09999999999999865,30,0.8914300000000001,0.8832
star,100.0,5,0.09999999999999865,35,0.89299,0.8843
star,100.0,5,0.09999999999999865,40,0.8918900000000001,0.8801
star,100.0,5,0.09999999999999865,45,0.89334,0.8841
star,100.0,5,0.09999999999999865,50,0.89566,0.8904
star,100.0,6,0.09999999999999865,5,0.8678100000000001,0.862
star,100.0,6,0.09999999999999865,10,0.88346,0.8754
star,100.0,6,0.09999999999999865,15,0.8871800000000001,0.8769
star,100.0,6,0.09999999999999865,20,0.89108,0.8843
star,100.0,6,0.09999999999999865,25,0.89266,0.8868
star,100.0,6,0.09999999999999865,30,0.8927799999999999,0.884
star,100.0,6,0.09999999999999865,35,0.8945399999999999,0.8876
star,100.0,6,0.09999999999999865,40,0.89362,0.8824
star,100.0,6,0.09999999999999865,45,0.89605,0.8843
star,100.0,6,0.09999999999999865,50,0.8985099999999999,0.8893
star,100.0,7,0.09999999999999865,5,0.86083,0.8402
star,100.0,7,0.09999999999999865,10,0.87913,0.8668
star,100.0,7,0.09999999999999865,15,0.88567,0.8784
star,100.0,7,0.09999999999999865,20,0.8878,0.8822
star,100.0,7,0.09999999999999865,25,0.89024,0.8832
star,100.0,7,0.09999999999999865,30,0.89313,0.8853
star,100.0,7,0.09999999999999865,35,0.89251,0.879
star,100.0,7,0.09999999999999865,40,0.89459,0.8878
star,100.0,7,0.09999999999999865,45,0.8941700000000001,0.8905
star,100.0,7,0.09999999999999865,50,0.8955500000000001,0.8896
star,100.0,8,0.09999999999999865,5,0.8616699999999999,0.8507
star,100.0,8,0.09999999999999865,10,0.87584,0.8656
star,100.0,8,0.09999999999999865,15,0.8843,0.8739
star,100.0,8,0.09999999999999865,20,0.8879400000000001,0.882
star,100.0,8,0.09999999999999865,25,0.88994,0.8845
star,100.0,8,0.09999999999999865,30,0.8897600000000001,0.8839
star,100.0,8,0.09999999999999865,35,0.89204,0.8833
star,100.0,8,0.09999999999999865,40,0.89251,0.8859
star,100.0,8,0.09999999999999865,45,0.89359,0.8876
star,100.0,8,0.09999999999999865,50,0.89605,0.8913
star,100.0,9,0.09999999999999865,5,0.8613799999999999,0.8418
star,100.0,9,0.09999999999999865,10,0.8800000000000001,0.8598
star,100.0,9,0.09999999999999865,15,0.8846299999999999,0.8798
star,100.0,9,0.09999999999999865,20,0.8838799999999999,0.8714
star,100.0,9,0.09999999999999865,25,0.89125,0.8851
star,100.0,9,0.09999999999999865,30,0.8905899999999999,0.8801
star,100.0,9,0.09999999999999865,35,0.8917300000000001,0.8809
star,100.0,9,0.09999999999999865,40,0.8942,0.883
star,100.0,9,0.09999999999999865,45,0.89659,0.8863
star,100.0,9,0.09999999999999865,50,0.8953,0.8861
star,0.5,0,0.09999999999999865,5,0.74108,0.6178
star,0.5,0,0.09999999999999865,10,0.78329,0.6949
star,0.5,0,0.09999999999999865,15,0.79628,0.7159
star,0.5,0,0.09999999999999865,20,0.80152,0.7202
star,0.5,0,0.09999999999999865,25,0.81214,0.7366
star,0.5,0,0.09999999999999865,30,0.80998,0.7296
star,0.5,0,0.09999999999999865,35,0.82234,0.7584
star,0.5,0,0.09999999999999865,40,0.82262,0.7565
star,0.5,0,0.09999999999999865,45,0.82563,0.7471
star,0.5,0,0.09999999999999865,50,0.8385,0.7962
star,0.5,1,0.09999999999999865,5,0.75819,0.6376
star,0.5,1,0.09999999999999865,10,0.8013999999999999,0.6939
star,0.5,1,0.09999999999999865,15,0.79801,0.6899
star,0.5,1,0.09999999999999865,20,0.8086500000000001,0.6963
star,0.5,1,0.09999999999999865,25,0.81563,0.6921
star,0.5,1,0.09999999999999865,30,0.8212300000000001,0.7568
star,0.5,1,0.09999999999999865,35,0.82172,0.7309
star,0.5,1,0.09999999999999865,40,0.8305199999999999,0.7505
star,0.5,1,0.09999999999999865,45,0.82631,0.7487
star,0.5,1,0.09999999999999865,50,0.82935,0.7532
star,0.5,2,0.09999999999999865,5,0.74023,0.5862
star,0.5,2,0.09999999999999865,10,0.7754300000000001,0.6377
star,0.5,2,0.09999999999999865,15,0.7889999999999999,0.7223
star,0.5,2,0.09999999999999865,20,0.80626,0.7053
star,0.5,2,0.09999999999999865,25,0.80841,0.7243
star,0.5,2,0.09999999999999865,30,0.81774,0.7342
star,0.5,2,0.09999999999999865,35,0.8172200000000001,0.7348
star,0.5,2,0.09999999999999865,40,0.8191700000000001,0.7341
star,0.5,2,0.09999999999999865,45,0.8253999999999999,0.7376
star,0.5,2,0.09999999999999865,50,0.8244199999999999,0.7414
star,0.5,3,0.09999999999999865,5,0.72558,0.6096
star,0.5,3,0.09999999999999865,10,0.77198,0.6654
star,0.5,3,0.09999999999999865,15,0.78126,0.6761
star,0.5,3,0.09999999999999865,20,0.79955,0.7333
star,0.5,3,0.09999999999999865,25,0.8079700000000001,0.7525
star,0.5,3,0.09999999999999865,30,0.81251,0.741
star,0.5,3,0.09999999999999865,35,0.8183400000000001,0.7738
star,0.5,3,0.09999999999999865,40,0.82774,0.7594
star,0.5,3,0.09999999999999865,45,0.82966,0.762
star,0.5,3,0.09999999999999865,50,0.8219200000000001,0.7633
star,0.5,4,0.09999999999999865,5,0.71382,0.5725
star,0.5,4,0.09999999999999865,10,0.76311,0.6295
star,0.5,4,0.09999999999999865,15,0.76705,0.6395
star,0.5,4,0.09999999999999865,20,0.77668,0.6477
star,0.5,4,0.09999999999999865,25,0.79026,0.6929
star,0.5,4,0.09999999999999865,30,0.7953,0.6904
star,0.5,4,0.09999999999999865,35,0.7936099999999999,0.7012
star,0.5,4,0.09999999999999865,40,0.80273,0.6968
star,0.5,4,0.09999999999999865,45,0.8134499999999999,0.7257
star,0.5,4,0.09999999999999865,50,0.8084299999999999,0.7343
star,0.5,5,0.09999999999999865,5,0.73673,0.6348
star,0.5,5,0.09999999999999865,10,0.7763100000000001,0.7064
star,0.5,5,0.09999999999999865,15,0.80313,0.7461
star,0.5,5,0.09999999999999865,20,0.8058500000000001,0.7132
star,0.5,5,0.09999999999999865,25,0.80711,0.7508
star,0.5,5,0.09999999999999865,30,0.81293,0.757
star,0.5,5,0.09999999999999865,35,0.80604,0.7346
star,0.5,5,0.09999999999999865,40,0.81859,0.7699
star,0.5,5,0.09999999999999865,45,0.8205,0.7782
star,0.5,5,0.09999999999999865,50,0.8211600000000001,0.777
star,0.5,6,0.09999999999999865,5,0.75046,0.5792
star,0.5,6,0.09999999999999865,10,0.78765,0.6565
star,0.5,6,0.09999999999999865,15,0.7898,0.6379
star,0.5,6,0.09999999999999865,20,0.8074899999999999,0.7219
star,0.5,6,0.09999999999999865,25,0.8118500000000001,0.7386
star,0.5,6,0.09999999999999865,30,0.82196,0.7435
star,0.5,6,0.09999999999999865,35,0.8186199999999999,0.7574
star,0.5,6,0.09999999999999865,40,0.82685,0.7557
star,0.5,6,0.09999999999999865,45,0.82447,0.7562
star,0.5,6,0.09999999999999865,50,0.83308,0.7555
star,0.5,7,0.09999999999999865,5,0.7133700000000001,0.6089
star,0.5,7,0.09999999999999865,10,0.74824,0.6811
star,0.5,7,0.09999999999999865,15,0.76105,0.6573
star,0.5,7,0.09999999999999865,20,0.7758499999999999,0.7171
star,0.5,7,0.09999999999999865,25,0.7798499999999999,0.7225
star,0.5,7,0.09999999999999865,30,0.7964100000000001,0.7225
star,0.5,7,0.09999999999999865,35,0.79617,0.724
star,0.5,7,0.09999999999999865,40,0.80367,0.7296
star,0.5,7,0.09999999999999865,45,0.8032,0.7353
star,0.5,7,0.09999999999999865,50,0.79897,0.7231
star,0.5,8,0.09999999999999865,5,0.76605,0.5807
star,0.5,8,0.09999999999999865,10,0.80565,0.6652
star,0.5,8,0.09999999999999865,15,0.8145,0.6403
star,0.5,8,0.09999999999999865,20,0.81918,0.6803
star,0.5,8,0.09999999999999865,25,0.8244199999999999,0.6623
star,0.5,8,0.09999999999999865,30,0.8277800000000001,0.6761
star,0.5,8,0.09999999999999865,35,0.8357100000000001,0.7052
star,0.5,8,0.09999999999999865,40,0.84145,0.6959
star,0.5,8,0.09999999999999865,45,0.8457399999999999,0.7058
star,0.5,8,0.09999999999999865,50,0.85172,0.7559
star,0.5,9,0.09999999999999865,5,0.74413,0.6172
star,0.5,9,0.09999999999999865,10,0.7813399999999999,0.692
star,0.5,9,0.09999999999999865,15,0.79569,0.7023
star,0.5,9,0.09999999999999865,20,0.80494,0.7239
star,0.5,9,0.09999999999999865,25,0.8187599999999999,0.7184
star,0.5,9,0.09999999999999865,30,0.8171799999999999,0.733
star,0.5,9,0.09999999999999865,35,0.8237400000000001,0.7486
star,0.5,9,0.09999999999999865,40,0.82179,0.7513
star,0.5,9,0.09999999999999865,45,0.82706,0.7873
star,0.5,9,0.09999999999999865,50,0.82555,0.7555
star,0.1,0,0.09999999999999865,5,0.43224999999999997,0.2514
star,0.1,0,0.09999999999999865,10,0.45085,0.2916
star,0.1,0,0.09999999999999865,15,0.46509,0.2745
star,0.1,0,0.09999999999999865,20,0.47765,0.2939
star,0.1,0,0.09999999999999865,25,0.48733000000000004,0.2888
star,0.1,0,0.09999999999999865,30,0.49062,0.2912
star,0.1,0,0.09999999999999865,35,0.5095799999999999,0.3143
star,0.1,0,0.09999999999999865,40,0.52277,0.3072
star,0.1,0,0.09999999999999865,45,0.53584,0.3686
star,0.1,0,0.09999999999999865,50,0.54283,0.3521
star,0.1,1,0.09999999999999865,5,0.48456,0.291
star,0.1,1,0.09999999999999865,10,0.51756,0.2959
star,0.1,1,0.09999999999999865,15,0.52447,0.2967
star,0.1,1,0.09999999999999865,20,0.55085,0.2981
star,0.1,1,0.09999999999999865,25,0.5733900000000001,0.3245
star,0.1,1,0.09999999999999865,30,0.5809300000000001,0.3189
star,0.1,1,0.09999999999999865,35,0.60649,0.3857
star,0.1,1,0.09999999999999865,40,0.61498,0.4693
star,0.1,1,0.09999999999999865,45,0.63551,0.5248
star,0.1,1,0.09999999999999865,50,0.64578,0.4781
star,0.1,2,0.09999999999999865,5,0.46853,0.2873
star,0.1,2,0.09999999999999865,10,0.50229,0.3617
star,0.1,2,0.09999999999999865,15,0.52159,0.3706
star,0.1,2,0.09999999999999865,20,0.5216700000000001,0.3678
star,0.1,2,0.09999999999999865,25,0.53465,0.3794
star,0.1,2,0.09999999999999865,30,0.54606,0.4015
star,0.1,2,0.09999999999999865,35,0.54304,0.4069
star,0.1,2,0.09999999999999865,40,0.5549999999999999,0.4513
star,0.1,2,0.09999999999999865,45,0.56258,0.4602
star,0.1,2,0.09999999999999865,50,0.57372,0.463
star,0.1,3,0.09999999999999865,5,0.40492,0.1886
star,0.1,3,0.09999999999999865,10,0.42168,0.1941
star,0.1,3,0.09999999999999865,15,0.44612999999999997,0.2083
star,0.1,3,0.09999999999999865,20,0.44673999999999997,0.2312
star,0.1,3,0.09999999999999865,25,0.47773000000000004,0.2289
star,0.1,3,0.09999999999999865,30,0.48091,0.233
star,0.1,3,0.09999999999999865,35,0.48715,0.2204
star,0.1,3,0.09999999999999865,40,0.5130600000000001,0.2323
star,0.1,3,0.09999999999999865,45,0.50934,0.2228
star,0.1,3,0.09999999999999865,50,0.50453,0.2538
star,0.1,4,0.09999999999999865,5,0.45170000000000005,0.195
star,0.1,4,0.09999999999999865,10,0.49795999999999996,0.2174
star,0.1,4,0.09999999999999865,15,0.52211,0.3277
star,0.1,4,0.09999999999999865,20,0.52514,0.3455
star,0.1,4,0.09999999999999865,25,0.54723,0.3665
star,0.1,4,0.09999999999999865,30,0.55296,0.381
star,0.1,4,0.09999999999999865,35,0.56678,0.3864
star,0.1,4,0.09999999999999865,40,0.5831799999999999,0.4236
star,0.1,4,0.09999999999999865,45,0.59838,0.4652
star,0.1,4,0.09999999999999865,50,0.61307,0.488
star,0.1,5,0.09999999999999865,5,0.43461,0.2413
star,0.1,5,0.09999999999999865,10,0.46109,0.2663
star,0.1,5,0.09999999999999865,15,0.47452000000000005,0.2476
star,0.1,5,0.09999999999999865,20,0.48363000000000006,0.2725
star,0.1,5,0.09999999999999865,25,0.48726,0.3013
star,0.1,5,0.09999999999999865,30,0.49519,0.2871
star,0.1,5,0.09999999999999865,35,0.49650999999999995,0.3101
star,0.1,5,0.09999999999999865,40,0.52269,0.3431
star,0.1,5,0.09999999999999865,45,0.5273,0.3738
star,0.1,5,0.09999999999999865,50,0.549,0.3963
star,0.1,6,0.09999999999999865,5,0.5442400000000001,0.3982
star,0.1,6,0.09999999999999865,10,0.56433,0.4137
star,0.1,6,0.09999999999999865,15,0.57426,0.37
star,0.1,6,0.09999999999999865,20,0.57955,0.416
star,0.1,6,0.09999999999999865,25,0.59106,0.4162
star,0.1,6,0.09999999999999865,30,0.59801,0.4186
star,0.1,6,0.09999999999999865,35,0.6188100000000001,0.4283
star,0.1,6,0.09999999999999865,40,0.63178,0.464
star,0.1,6,0.09999999999999865,45,0.63767,0.4641
star,0.1,6,0.09999999999999865,50,0.64037,0.4746
star,0.1,7,0.09999999999999865,5,0.422,0.2068
star,0.1,7,0.09999999999999865,10,0.4524,0.2443
star,0.1,7,0.09999999999999865,15,0.45933999999999997,0.2378
star,0.1,7,0.09999999999999865,20,0.45891000000000004,0.2501
star,0.1,7,0.09999999999999865,25,0.46721,0.2767
star,0.1,7,0.09999999999999865,30,0.47058999999999995,0.2878
star,0.1,7,0.09999999999999865,35,0.47592999999999996,0.2836
star,0.1,7,0.09999999999999865,40,0.48162000000000005,0.2542
star,0.1,7,0.09999999999999865,45,0.48156,0.2605
star,0.1,7,0.09999999999999865,50,0.49754,0.2679
star,0.1,8,0.09999999999999865,5,0.54999,0.3481
star,0.1,8,0.09999999999999865,10,0.5665,0.3421
star,0.1,8,0.09999999999999865,15,0.5899300000000001,0.4498
star,0.1,8,0.09999999999999865,20,0.59817,0.4533
star,0.1,8,0.09999999999999865,25,0.60171,0.4335
star,0.1,8,0.09999999999999865,30,0.6214999999999999,0.4634
star,0.1,8,0.09999999999999865,35,0.62651,0.4861
star,0.1,8,0.09999999999999865,40,0.6392800000000001,0.487
star,0.1,8,0.09999999999999865,45,0.64695,0.509
star,0.1,8,0.09999999999999865,50,0.65155,0.5117
star,0.1,9,0.09999999999999865,5,0.45244999999999996,0.2604
star,0.1,9,0.09999999999999865,10,0.49959999999999993,0.2845
star,0.1,9,0.09999999999999865,15,0.50399,0.288
star,0.1,9,0.09999999999999865,20,0.5121100000000001,0.2888
star,0.1,9,0.09999999999999865,25,0.51911,0.286
star,0.1,9,0.09999999999999865,30,0.52664,0.2934
star,0.1,9,0.09999999999999865,35,0.52629,0.2616
star,0.1,9,0.09999999999999865,40,0.54804,0.3089
star,0.1,9,0.09999999999999865,45,0.57257,0.2781
star,0.1,9,0.09999999999999865,50,0.58165,0.2761
hybrid,100.0,0,0.053775826240683555,5,0.8786400000000001,0.8758
hybrid,100.0,0,0.053775826240683555,10,0.89559,0.8939
hybrid,100.0,0,0.053775826240683555,15,0.90418,0.9011
hybrid,100.0,0,0.053775826240683555,20,0.9083500000000001,0.9058
hybrid,100.0,0,0.053775826240683555,25,0.90891,0.907
hybrid,100.0,0,0.053775826240683555,30,0.91096,0.9084
hybrid,100.0,0,0.053775826240683555,35,0.9118999999999999,0.9088
hybrid,100.0,0,0.053775826240683555,40,0.9124399999999999,0.908
hybrid,100.0,0,0.053775826240683555,45,0.91198,0.9085
hybrid,100.0,0,0.053775826240683555,50,0.91343,0.9103
hybrid,100.0,1,0.053775826240683555,5,0.8795400000000001,0.878
hybrid,100.0,1,0.053775826240683555,10,0.8979800000000001,0.8954
hybrid,100.0,1,0.053775826240683555,15,0.90709,0.9046
hybrid,100.0,1,0.053775826240683555,20,0.90908,0.9065
hybrid,100.0,1,0.053775826240683555,25,0.9136,0.911
hybrid,100.0,1,0.053775826240683555,30,0.9136900000000001,0.9098
hybrid,100.0,1,0.053775826240683555,35,0.91317,0.9098
hybrid,100.0,1,0.053775826240683555,40,0.9132199999999999,0.9095
hybrid,100.0,1,0.053775826240683555,45,0.91347,0.911
hybrid,100.0,1,0.053775826240683555,50,0.9144,0.9092
hybrid,100.0,2,0.053775826240683555,5,0.87614,0.8733
hybrid,100.0,2,0.053775826240683555,10,0.89686,0.8945
hybrid,100.0,2,0.053775826240683555,15,0.90744,0.9052
hybrid,100.0,2,0.053775826240683555,20,0.91091,0.9076
hybrid,100.0,2,0.053775826240683555,25,0.9133800000000001,0.9109
hybrid,100.0,2,0.053775826240683555,30,0.91358,0.9103
hybrid,100.0,2,0.053775826240683555,35,0.9138400000000001,0.9115
hybrid,100.0,2,0.053775826240683555,40,0.9146000000000001,0.9117
hybrid,100.0,2,0.053775826240683555,45,0.91433,0.9102
hybrid,100.0,2,0.053775826240683555,50,0.91388,0.9106
hybrid,100.0,3,0.053775826240683555,5,0.8781599999999999,0.8714
hybrid,100.0,3,0.053775826240683555,10,0.89656,0.8936
hybrid,100.0,3,0.053775826240683555,15,0.9044599999999999,0.9014
hybrid,100.0,3,0.053775826240683555,20,0.90947,0.907
hybrid,100.0,3,0.053775826240683555,25,0.9105800000000001,0.9082
hybrid,100.0,3,0.053775826240683555,30,0.91224,0.9104
hybrid,100.0,3,0.053775826240683555,35,0.9121900000000001,0.9095
hybrid,100.0,3,0.053775826240683555,40,0.91388,0.9113
hybrid,100.0,3,0.053775826240683555,45,0.9125099999999999,0.9099
hybrid,100.0,3,0.053775826240683555,50,0.91342,0.9101
hybrid,100.0,4,0.053775826240683555,5,0.8773500000000001,0.8718
hybrid,100.0,4,0.053775826240683555,10,0.89582,0.8913
hybrid,100.0,4,0.053775826240683555,15,0.90388,0.9003
hybrid,100.0,4,0.053775826240683555,20,0.9096500000000001,0.9058
hybrid,100.0,4,0.053775826240683555,25,0.9139099999999999,0.9117
hybrid,100.0,4,0.053775826240683555,30,0.91371,0.9112
hybrid,100.0,4,0.053775826240683555,35,0.9159499999999999,0.9117
hybrid,100.0,4,0.053775826240683555,40,0.9159900000000001,0.9127
hybrid,100.0,4,0.053775826240683555,45,0.91579,0.9112
hybrid,100.0,4,0.053775826240683555,50,0.9174200000000001,0.9133
hybrid,100.0,5,0.053775826240683555,5,0.8777799999999999,0.873
hybrid,100.0,5,0.053775826240683555,10,0.89665,0.8947
hybrid,100.0,5,0.053775826240683555,15,0.9049099999999999,0.9007
hybrid,100.0,5,0.053775826240683555,20,0.90927,0.9076
hybrid,100.0,5,0.053775826240683555,25,0.9114699999999999,0.9076
hybrid,100.0,5,0.053775826240683555,30,0.91228,0.9086
hybrid,100.0,5,0.053775826240683555,35,0.91371,0.9115
hybrid,100.0,5,0.053775826240683555,40,0.91258,0.9084
hybrid,100.0,5,0.053775826240683555,45,0.91382,0.9107
hybrid,100.0,5,0.053775826240683555,50,0.9150600000000001,0.9106
hybrid,100.0,6,0.053775826240683555,5,0.8769199999999999,0.8743
hybrid,100.0,6,0.053775826240683555,10,0.8964700000000001,0.894
hybrid,100.0,6,0.053775826240683555,15,0.90438,0.9014
hybrid,100.0,6,0.053775826240683555,20,0.90995,0.9066
hybrid,100.0,6,0.053775826240683555,25,0.91197,0.9086
hybrid,100.0,6,0.053775826240683555,30,0.91372,0.9116
hybrid,100.0,6,0.053775826240683555,35,0.91454,0.9121
hybrid,100.0,6,0.053775826240683555,40,0.91525,0.912
hybrid,100.0,6,0.053775826240683555,45,0.9148400000000001,0.9129
hybrid,100.0,6,0.053775826240683555,50,0.91386,0.9123
hybrid,100.0,7,0.053775826240683555,5,0.8768699999999999,0.8743
hybrid,100.0,7,0.053775826240683555,10,0.8943999999999999,0.8934
hybrid,100.0,7,0.053775826240683555,15,0.90357,0.8989
hybrid,100.0,7,0.053775826240683555,20,0.9074,0.9041
hybrid,100.0,7,0.053775826240683555,25,0.91167,0.9092
hybrid,100.0,7,0.053775826240683555,30,0.9126099999999999,0.9093
hybrid,100.0,7,0.053775826240683555,35,0.9138,0.9121
hybrid,100.0,7,0.053775826240683555,40,0.9129099999999999,0.9091
hybrid,100.0,7,0.053775826240683555,45,0.9141999999999999,0.9103
hybrid,100.0,7,0.053775826240683555,50,0.9139099999999999,0.9118
hybrid,100.0,8,0.053775826240683555,5,0.87363,0.8698
hybrid,100.0,8,0.053775826240683555,10,0.8922800000000001,0.8883
hybrid,100.0,8,0.053775826240683555,15,0.90351,0.9016
hybrid,100.0,8,0.053775826240683555,20,0.90883,0.9065
hybrid,100.0,8,0.053775826240683555,25,0.9118499999999999,0.9086
hybrid,100.0,8,0.053775826240683555,30,0.91296,0.9102
hybrid,100.0,8,0.053775826240683555,35,0.9124800000000001,0.9096
hybrid,100.0,8,0.053775826240683555,40,0.91317,0.9096
hybrid,100.0,8,0.053775826240683555,45,0.9139900000000001,0.9114
hybrid,100.0,8,0.053775826240683555,50,0.91457,0.9122
hybrid,100.0,9,0.053775826240683555,5,0.87859,0.8752
hybrid,100.0,9,0.053775826240683555,10,0.8960800000000001,0.8935
hybrid,100.0,9,0.053775826240683555,15,0.90331,0.901
hybrid,100.0,9,0.053775826240683555,20,0.90948,0.9063
hybrid,100.0,9,0.053775826240683555,25,0.91073,0.9057
hybrid,100.0,9,0.053775826240683555,30,0.91273,0.9102
hybrid,100.0,9,0.053775826240683555,35,0.9128700000000001,0.9096
hybrid,100.0,9,0.053775826240683555,40,0.91375,0.9106
hybrid,100.0,9,0.053775826240683555,45,0.9146599999999999,0.9117
hybrid,100.0,9,0.053775826240683555,50,0.91401,0.9125
hybrid,0.5,0,0.053775826240683555,5,0.80852,0.7678
hybrid,0.5,0,0.053775826240683555,10,0.83887,0.801
hybrid,0.5,0,0.053775826240683555,15,0.85694,0.8233
hybrid,0.5,0,0.053775826240683555,20,0.8626699999999999,0.8311
hybrid,0.5,0,0.053775826240683555,25,0.8727,0.8382
hybrid,0.5,0,0.053775826240683555,30,0.8712899999999999,0.8301
hybrid,0.5,0,0.053775826240683555,35,0.87721,0.8414
hybrid,0.5,0,0.053775826240683555,40,0.8775000000000001,0.8418
hybrid,0.5,0,0.053775826240683555,45,0.88354,0.8552
hybrid,0.5,0,0.053775826240683555,50,0.8797,0.8466
hybrid,0.5,1,0.053775826240683555,5,0.82744,0.7895
hybrid,0.5,1,0.053775826240683555,10,0.8586500000000001,0.8132
hybrid,0.5,1,0.053775826240683555,15,0.8720800000000001,0.8375
hybrid,0.5,1,0.053775826240683555,20,0.87424,0.8278
hybrid,0.5,1,0.053775826240683555,25,0.8830899999999999,0.8484
hybrid,0.5,1,0.053775826240683555,30,0.8818999999999999,0.8392
hybrid,0.5,1,0.053775826240683555,35,0.8859199999999999,0.847
hybrid,0.5,1,0.053775826240683555,40,0.8849,0.8491
hybrid,0.5,1,0.053775826240683555,45,0.8842399999999999,0.833
hybrid,0.5,1,0.053775826240683555,50,0.88819,0.8612
hybrid,0.5,2,0.053775826240683555,5,0.8068799999999999,0.7616
hybrid,0.5,2,0.053775826240683555,10,0.8538600000000001,0.8116
hybrid,0.5,2,0.053775826240683555,15,0.8704599999999999,0.8341
hybrid,0.5,2,0.053775826240683555,20,0.8787100000000001,0.8546
hybrid,0.5,2,0.053775826240683555,25,0.8836299999999999,0.8465
hybrid,0.5,2,0.053775826240683555,30,0.88487,0.8559
hybrid,0.5,2,0.053775826240683555,35,0.8871,0.8539
hybrid,0.5,2,0.053775826240683555,40,0.88774,0.8551
hybrid,0.5,2,0.053775826240683555,45,0.8876899999999999,0.8653
hybrid,0.5,2,0.053775826240683555,50,0.8884000000000001,0.8689
hybrid,0.5,3,0.053775826240683555,5,0.82189,0.8017
hybrid,0.5,3,0.053775826240683555,10,0.8636900000000001,0.8452
hybrid,0.5,3,0.053775826240683555,15,0.87317,0.8535
hybrid,0.5,3,0.053775826240683555,20,0.8794299999999999,0.8653
hybrid,0.5,3,0.053775826240683555,25,0.88709,0.8706
hybrid,0.5,3,0.053775826240683555,30,0.8877900000000001,0.8768
hybrid,0.5,3,0.053775826240683555,35,0.88893,0.8732
hybrid,0.5,3,0.053775826240683555,40,0.89076,0.8797
hybrid,0.5,3,0.053775826240683555,45,0.8891500000000001,0.8763
hybrid,0.5,3,0.053775826240683555,50,0.89028,0.8788
hybrid,0.5,4,0.053775826240683555,5,0.80511,0.771
hybrid,0.5,4,0.053775826240683555,10,0.84329,0.8084
hybrid,0.5,4,0.053775826240683555,15,0.86326,0.8306
hybrid,0.5,4,0.053775826240683555,20,0.8716799999999999,0.8425
hybrid,0.5,4,0.053775826240683555,25,0.8810800000000001,0.869
hybrid,0.5,4,0.053775826240683555,30,0.87881,0.8615
hybrid,0.5,4,0.053775826240683555,35,0.8815799999999999,0.8602
hybrid,0.5,4,0.053775826240683555,40,0.8804299999999999,0.8538
hybrid,0.5,4,0.053775826240683555,45,0.88802,0.8694
hybrid,0.5,4,0.053775826240683555,50,0.88371,0.8567
hybrid,0.5,5,0.053775826240683555,5,0.8201,0.7737
hybrid,0.5,5,0.053775826240683555,10,0.86249,0.8392
hybrid,0.5,5,0.053775826240683555,15,0.87249,0.8264
hybrid,0.5,5,0.053775826240683555,20,0.8783099999999999,0.837
hybrid,0.5,5,0.053775826240683555,25,0.8814,0.8602
hybrid,0.5,5,0.053775826240683555,30,0.88874,0.8719
hybrid,0.5,5,0.053775826240683555,35,0.88879,0.8621
hybrid,0.5,5,0.053775826240683555,40,0.8902599999999999,0.8698
hybrid,0.5,5,0.053775826240683555,45,0.8928200000000001,0.8774
hybrid,0.5,5,0.053775826240683555,50,0.89032,0.8724
hybrid,0.5,6,0.053775826240683555,5,0.8061400000000001,0.732
hybrid,0.5,6,0.053775826240683555,10,0.8547499999999999,0.7845
hybrid,0.5,6,0.053775826240683555,15,0.8617699999999999,0.8021
hybrid,0.5,6,0.053775826240683555,20,0.8760899999999999,0.8136
hybrid,0.5,6,0.053775826240683555,25,0.87941,0.8258
hybrid,0.5,6,0.053775826240683555,30,0.88737,0.8382
hybrid,0.5,6,0.053775826240683555,35,0.88634,0.8384
hybrid,0.5,6,0.053775826240683555,40,0.8923500000000001,0.8645
hybrid,0.5,6,0.053775826240683555,45,0.8918099999999999,0.8538
hybrid,0.5,6,0.053775826240683555,50,0.89053,0.8523
hybrid,0.5,7,0.053775826240683555,5,0.78738,0.7415
hybrid,0.5,7,0.053775826240683555,10,0.8348700000000001,0.7902
hybrid,0.5,7,0.053775826240683555,15,0.8561799999999999,0.81
hybrid,0.5,7,0.053775826240683555,20,0.86588,0.8432
hybrid,0.5,7,0.053775826240683555,25,0.8704599999999999,0.845
hybrid,0.5,7,0.053775826240683555,30,0.88233,0.8685
hybrid,0.5,7,0.053775826240683555,35,0.8826499999999999,0.8618
hybrid,0.5,7,0.053775826240683555,40,0.88203,0.8616
hybrid,0.5,7,0.053775826240683555,45,0.87942,0.8593
hybrid,0.5,7,0.053775826240683555,50,0.8805,0.8528
hybrid,0.5,8,0.053775826240683555,5,0.85115,0.8217
hybrid,0.5,8,0.053775826240683555,10,0.87597,0.8609
hybrid,0.5,8,0.053775826240683555,15,0.88784,0.8759
hybrid,0.5,8,0.053775826240683555,20,0.8933899999999999,0.8843
hybrid,0.5,8,0.053775826240683555,25,0.8977999999999999,0.8836
hybrid,0.5,8,0.053775826240683555,30,0.9025299999999999,0.8973
hybrid,0.5,8,0.053775826240683555,35,0.90093,0.8911
hybrid,0.5,8,0.053775826240683555,40,0.90206,0.8934
hybrid,0.5,8,0.053775826240683555,45,0.90274,0.8944
hybrid,0.5,8,0.053775826240683555,50,0.90399,0.8956
hybrid,0.5,9,0.053775826240683555,5,0.81067,0.7775
hybrid,0.5,9,0.053775826240683555,10,0.85268,0.8351
hybrid,0.5,9,0.053775826240683555,15,0.86955,0.8455
hybrid,0.5,9,0.053775826240683555,20,0.87673,0.8588
hybrid,0.5,9,0.053775826240683555,25,0.88308,0.8684
hybrid,0.5,9,0.053775826240683555,30,0.88331,0.8667
hybrid,0.5,9,0.053775826240683555,35,0.88425,0.8698
hybrid,0.5,9,0.053775826240683555,40,0.88874,0.8774
hybrid,0.5,9,0.053775826240683555,45,0.88867,0.8721
hybrid,0.5,9,0.053775826240683555,50,0.89008,0.8777
hybrid,0.1,0,0.053775826240683555,5,0.52081,0.3811
hybrid,0.1,0,0.053775826240683555,10,0.57596,0.4147
hybrid,0.1,0,0.053775826240683555,15,0.6169399999999999,0.4705
hybrid,0.1,0,0.053775826240683555,20,0.64097,0.4705
hybrid,0.1,0,0.053775826240683555,25,0.66266,0.4872
hybrid,0.1,0,0.053775826240683555,30,0.68437,0.5196
hybrid,0.1,0,0.053775826240683555,35,0.69877,0.5392
hybrid,0.1,0,0.053775826240683555,40,0.70134,0.541
hybrid,0.1,0,0.053775826240683555,45,0.6986399999999999,0.5375
hybrid,0.1,0,0.053775826240683555,50,0.71661,0.5538
hybrid,0.1,1,0.053775826240683555,5,0.61085,0.4329
hybrid,0.1,1,0.053775826240683555,10,0.69088,0.5773
hybrid,0.1,1,0.053775826240683555,15,0.73286,0.6538
hybrid,0.1,1,0.053775826240683555,20,0.74529,0.6833
hybrid,0.1,1,0.053775826240683555,25,0.75576,0.7013
hybrid,0.1,1,0.053775826240683555,30,0.769,0.7113
hybrid,0.1,1,0.053775826240683555,35,0.76669,0.7089
hybrid,0.1,1,0.053775826240683555,40,0.77428,0.7246
hybrid,0.1,1,0.053775826240683555,45,0.77767,0.7276
hybrid,0.1,1,0.053775826240683555,50,0.78368,0.7321
hybrid,0.1,2,0.053775826240683555,5,0.5648099999999999,0.5059
hybrid,0.1,2,0.053775826240683555,10,0.62708,0.5647
hybrid,0.1,2,0.053775826240683555,15,0.65237,0.5842
hybrid,0.1,2,0.053775826240683555,20,0.66232,0.6003
hybrid,0.1,2,0.053775826240683555,25,0.66759,0.6124
hybrid,0.1,2,0.053775826240683555,30,0.67583,0.6081
hybrid,0.1,2,0.053775826240683555,35,0.6889299999999999,0.612
hybrid,0.1,2,0.053775826240683555,40,0.69311,0.6326
hybrid,0.1,2,0.053775826240683555,45,0.70181,0.6232
hybrid,0.1,2,0.053775826240683555,50,0.70827,0.6169
hybrid,0.1,3,0.053775826240683555,5,0.51524,0.4207
hybrid,0.1,3,0.053775826240683555,10,0.57271,0.4414
hybrid,0.1,3,0.053775826240683555,15,0.59717,0.4645
hybrid,0.1,3,0.053775826240683555,20,0.61046,0.4657
hybrid,0.1,3,0.053775826240683555,25,0.62077,0.4868
hybrid,0.1,3,0.053775826240683555,30,0.63303,0.4848
hybrid,0.1,3,0.053775826240683555,35,0.64391,0.5011
hybrid,0.1,3,0.053775826240683555,40,0.65208,0.499
hybrid,0.1,3,0.053775826240683555,45,0.66545,0.5223
hybrid,0.1,3,0.053775826240683555,50,0.66814,0.5376
hybrid,0.1,4,0.053775826240683555,5,0.5422399999999999,0.3481
hybrid,0.1,4,0.053775826240683555,10,0.6091599999999999,0.4331
hybrid,0.1,4,0.053775826240683555,15,0.64359,0.5114
hybrid,0.1,4,0.053775826240683555,20,0.6720900000000001,0.5618
hybrid,0.1,4,0.053775826240683555,25,0.70202,0.5944
hybrid,0.1,4,0.053775826240683555,30,0.70503,0.6032
hybrid,0.1,4,0.053775826240683555,35,0.71727,0.644
hybrid,0.1,4,0.053775826240683555,40,0.70955,0.6084
hybrid,0.1,4,0.053775826240683555,45,0.72841,0.656
hybrid,0.1,4,0.053775826240683555,50,0.73881,0.672
hybrid,0.1,5,0.053775826240683555,5,0.56175,0.3968
hybrid,0.1,5,0.053775826240683555,10,0.67465,0.4777
hybrid,0.1,5,0.053775826240683555,15,0.71232,0.6092
hybrid,0.1,5,0.053775826240683555,20,0.7282,0.5802
hybrid,0.1,5,0.053775826240683555,25,0.7448400000000001,0.6439
hybrid,0.1,5,0.053775826240683555,30,0.75758,0.6263
hybrid,0.1,5,0.053775826240683555,35,0.77071,0.6157
hybrid,0.1,5,0.053775826240683555,40,0.77903,0.6708
hybrid,0.1,5,0.053775826240683555,45,0.7857700000000001,0.6671
hybrid,0.1,5,0.053775826240683555,50,0.78983,0.7279
hybrid,0.1,6,0.053775826240683555,5,0.62645,0.38
hybrid,0.1,6,0.053775826240683555,10,0.70221,0.5394
hybrid,0.1,6,0.053775826240683555,15,0.7305699999999999,0.555
hybrid,0.1,6,0.053775826240683555,20,0.75251,0.5909
hybrid,0.1,6,0.053775826240683555,25,0.7544299999999999,0.6096
hybrid,0.1,6,0.053775826240683555,30,0.7694099999999999,0.6435
hybrid,0.1,6,0.053775826240683555,35,0.77946,0.6429
hybrid,0.1,6,0.053775826240683555,40,0.7752600000000001,0.6459
hybrid,0.1,6,0.053775826240683555,45,0.78566,0.6582
hybrid,0.1,6,0.053775826240683555,50,0.78667,0.6558
hybrid,0.1,7,0.053775826240683555,5,0.51007,0.3147
hybrid,0.1,7,0.053775826240683555,10,0.59248,0.5009
hybrid,0.1,7,0.053775826240683555,15,0.63594,0.5389
hybrid,0.1,7,0.053775826240683555,20,0.65157,0.5908
hybrid,0.1,7,0.053775826240683555,25,0.67502,0.6332
hybrid,0.1,7,0.053775826240683555,30,0.68099,0.6123
hybrid,0.1,7,0.053775826240683555,35,0.68693,0.6213
hybrid,0.1,7,0.053775826240683555,40,0.70523,0.6474
hybrid,0.1,7,0.053775826240683555,45,0.7010500000000001,0.6442
hybrid,0.1,7,0.053775826240683555,50,0.7191799999999999,0.6688
hybrid,0.1,8,0.053775826240683555,5,0.6060000000000001,0.4796
hybrid,0.1,8,0.053775826240683555,10,0.6910700000000001,0.6287
hybrid,0.1,8,0.053775826240683555,15,0.7034900000000001,0.6436
hybrid,0.1,8,0.053775826240683555,20,0.72538,0.6578
hybrid,0.1,8,0.053775826240683555,25,0.73451,0.6639
hybrid,0.1,8,0.053775826240683555,30,0.75823,0.6723
hybrid,0.1,8,0.053775826240683555,35,0.7629900000000001,0.6692
hybrid,0.1,8,0.053775826240683555,40,0.76873,0.6692
hybrid,0.1,8,0.053775826240683555,45,0.78068,0.6959
hybrid,0.1,8,0.053775826240683555,50,0.78152,0.6906
hybrid,0.1,9,0.053775826240683555,5,0.54577,0.3238
hybrid,0.1,9,0.053775826240683555,10,0.61642,0.3873
hybrid,0.1,9,0.053775826240683555,15,0.6691900000000001,0.4887
hybrid,0.1,9,0.053775826240683555,20,0.69939,0.5415
hybrid,0.1,9,0.053775826240683555,25,0.72134,0.5853
hybrid,0.1,9,0.053775826240683555,30,0.73468,0.5788
hybrid,0.1,9,0.053775826240683555,35,0.7504299999999999,0.6107
hybrid,0.1,9,0.053775826240683555,40,0.7622,0.6514
hybrid,0.1,9,0.053775826240683555,45,0.77547,0.6573
hybrid,0.1,9,0.053775826240683555,50,0.7798,0.6695
mesh,100.0,0,0.9999999999999999,5,0.8831,0.8831
mesh,100.0,0,0.9999999999999999,10,0.9014,0.9014
mesh,100.0,0,0.9999999999999999,15,0.9094999999999999,0.9095
mesh,100.0,0,0.9999999999999999,20,0.9149,0.9149
mesh,100.0,0,0.9999999999999999,25,0.9174,0.9174
mesh,100.0,0,0.9999999999999999,30,0.9202,0.9202
mesh,100.0,0,0.9999999999999999,35,0.9219000000000002,0.9219
mesh,100.0,0,0.9999999999999999,40,0.9225,0.9225
mesh,100.0,0,0.9999999999999999,45,0.9228,0.9228
mesh,100.0,0,0.9999999999999999,50,0.9227000000000001,0.9227
mesh,100.0,1,0.9999999999999999,5,0.884,0.884
mesh,100.0,1,0.9999999999999999,10,0.9037,0.9037
mesh,100.0,1,0.9999999999999999,15,0.9118,0.9118
mesh,100.0,1,0.9999999999999999,20,0.9162000000000001,0.9162
mesh,100.0,1,0.9999999999999999,25,0.921,0.921
mesh,100.0,1,0.9999999999999999,30,0.9243,0.9243
mesh,100.0,1,0.9999999999999999,35,0.9244999999999999,0.9245
mesh,100.0,1,0.9999999999999999,40,0.9249,0.9249
mesh,100.0,1,0.9999999999999999,45,0.9254999999999999,0.9255
mesh,100.0,1,0.9999999999999999,50,0.9257,0.9257
mesh,100.0,2,0.9999999999999999,5,0.8824,0.8824
mesh,100.0,2,0.9999999999999999,10,0.9023,0.9023
mesh,100.0,2,0.9999999999999999,15,0.9116,0.9116
mesh,100.0,2,0.9999999999999999,20,0.9183999999999999,0.9184
mesh,100.0,2,0.9999999999999999,25,0.922,0.922
mesh,100.0,2,0.9999999999999999,30,0.924,0.924
mesh,100.0,2,0.9999999999999999,35,0.9231999999999999,0.9232
mesh,100.0,2,0.9999999999999999,40,0.9248,0.9248
mesh,100.0,2,0.9999999999999999,45,0.9265000000000001,0.9265
mesh,100.0,2,0.9999999999999999,50,0.9244999999999999,0.9245
mesh,100.0,3,0.9999999999999999,5,0.8814,0.8814
mesh,100.0,3,0.9999999999999999,10,0.9021000000000001,0.9021
mesh,100.0,3,0.9999999999999999,15,0.9103999999999999,0.9104
mesh,100.0,3,0.9999999999999999,20,0.9148,0.9148
mesh,100.0,3,0.9999999999999999,25,0.9168,0.9168
mesh,100.0,3,0.9999999999999999,30,0.9197,0.9197
mesh,100.0,3,0.9999999999999999,35,0.9225,0.9225
mesh,100.0,3,0.9999999999999999,40,0.9235,0.9235
mesh,100.0,3,0.9999999999999999,45,0.9228,0.9228
mesh,100.0,3,0.9999999999999999,50,0.9235,0.9235
mesh,100.0,4,0.9999999999999999,5,0.882,0.882
mesh,100.0,4,0.9999999999999999,10,0.9009,0.9009
mesh,100.0,4,0.9999999999999999,15,0.9102,0.9102
mesh,100.0,4,0.9999999999999999,20,0.9157,0.9157
mesh,100.0,4,0.9999999999999999,25,0.9198999999999999,0.9199
mesh,100.0,4,0.9999999999999999,30,0.9223000000000001,0.9223
mesh,100.0,4,0.9999999999999999,35,0.9239,0.9239
mesh,100.0,4,0.9999999999999999,40,0.9257,0.9257
mesh,100.0,4,0.9999999999999999,45,0.9267999999999998,0.9268
mesh,100.0,4,0.9999999999999999,50,0.9273,0.9273
mesh,100.0,5,0.9999999999999999,5,0.8849,0.8849
mesh,100.0,5,0.9999999999999999,10,0.9015000000000001,0.9015
mesh,100.0,5,0.9999999999999999,15,0.9114000000000001,0.9114
mesh,100.0,5,0.9999999999999999,20,0.9159,0.9159
mesh,100.0,5,0.9999999999999999,25,0.9198000000000001,0.9198
mesh,100.0,5,0.9999999999999999,30,0.9224,0.9224
mesh,100.0,5,0.9999999999999999,35,0.9233,0.9233
mesh,100.0,5,0.9999999999999999,40,0.9243,0.9243
mesh,100.0,5,0.9999999999999999,45,0.9262,0.9262
mesh,100.0,5,0.9999999999999999,50,0.9243,0.9243
mesh,100.0,6,0.9999999999999999,5,0.8805,0.8805
mesh,100.0,6,0.9999999999999999,10,0.9010999999999999,0.9011
mesh,100.0,6,0.9999999999999999,15,0.9103999999999999,0.9104
mesh,100.0,6,0.9999999999999999,20,0.9186,0.9186
mesh,100.0,6,0.9999999999999999,25,0.9216,0.9216
mesh,100.0,6,0.9999999999999999,30,0.924,0.924
mesh,100.0,6,0.9999999999999999,35,0.9256,0.9256
mesh,100.0,6,0.9999999999999999,40,0.9277,0.9277
mesh,100.0,6,0.9999999999999999,45,0.9254999999999999,0.9255
mesh,100.0,6,0.9999999999999999,50,0.9269999999999999,0.927
mesh,100.0,7,0.9999999999999999,5,0.8798999999999999,0.8799
mesh,100.0,7,0.9999999999999999,10,0.8984,0.8984
mesh,100.0,7,0.9999999999999999,15,0.9101000000000001,0.9101
mesh,100.0,7,0.9999999999999999,20,0.9153,0.9153
mesh,100.0,7,0.9999999999999999,25,0.9200000000000002,0.92
mesh,100.0,7,0.9999999999999999,30,0.9225999999999999,0.9226
mesh,100.0,7,0.9999999999999999,35,0.9236000000000001,0.9236
mesh,100.0,7,0.9999999999999999,40,0.925,0.925
mesh,100.0,7,0.9999999999999999,45,0.9253,0.9253
mesh,100.0,7,0.9999999999999999,50,0.9248,0.9248
mesh,100.0,8,0.9999999999999999,5,0.8791,0.8791
mesh,100.0,8,0.9999999999999999,10,0.8974,0.8974
mesh,100.0,8,0.9999999999999999,15,0.9106,0.9106
mesh,100.0,8,0.9999999999999999,20,0.9160999999999999,0.9161
mesh,100.0,8,0.9999999999999999,25,0.9191,0.9191
mesh,100.0,8,0.9999999999999999,30,0.9197,0.9197
mesh,100.0,8,0.9999999999999999,35,0.9234,0.9234
mesh,100.0,8,0.9999999999999999,40,0.9221,0.9221
mesh,100.0,8,0.9999999999999999,45,0.9248,0.9248
mesh,100.0,8,0.9999999999999999,50,0.9253,0.9253
mesh,100.0,9,0.9999999999999999,5,0.8835,0.8835
mesh,100.0,9,0.9999999999999999,10,0.9026,0.9026
mesh,100.0,9,0.9999999999999999,15,0.9093,0.9093
mesh,100.0,9,0.9999999999999999,20,0.9149,0.9149
mesh,100.0,9,0.9999999999999999,25,0.9196,0.9196
mesh,100.0,9,0.9999999999999999,30,0.9221,0.9221
mesh,100.0,9,0.9999999999999999,35,0.923,0.923
mesh,100.0,9,0.9999999999999999,40,0.9244999999999999,0.9245
mesh,100.0,9,0.9999999999999999,45,0.9253,0.9253
mesh,100.0,9,0.9999999999999999,50,0.9237,0.9237
mesh,0.5,0,0.9999999999999999,5,0.8661,0.8661
mesh,0.5,0,0.9999999999999999,10,0.8875,0.8875
mesh,0.5,0,0.9999999999999999,15,0.9017,0.9017
mesh,0.5,0,0.9999999999999999,20,0.9027,0.9027
mesh,0.5,0,0.9999999999999999,25,0.9083,0.9083
mesh,0.5,0,0.9999999999999999,30,0.9117,0.9117
mesh,0.5,0,0.9999999999999999,35,0.9154,0.9154
mesh,0.5,0,0.9999999999999999,40,0.9116,0.9116
mesh,0.5,0,0.9999999999999999,45,0.9153,0.9153
mesh,0.5,0,0.9999999999999999,50,0.9141999999999999,0.9142
mesh,0.5,1,0.9999999999999999,5,0.8621000000000001,0.8621
mesh,0.5,1,0.9999999999999999,10,0.8882999999999999,0.8883
mesh,0.5,1,0.9999999999999999,15,0.8993,0.8993
mesh,0.5,1,0.9999999999999999,20,0.9044000000000001,0.9044
mesh,0.5,1,0.9999999999999999,25,0.9102,0.9102
mesh,0.5,1,0.9999999999999999,30,0.9120000000000001,0.912
mesh,0.5,1,0.9999999999999999,35,0.9114000000000001,0.9114
mesh,0.5,1,0.9999999999999999,40,0.9125,0.9125
mesh,0.5,1,0.9999999999999999,45,0.9124000000000001,0.9124
mesh,0.5,1,0.9999999999999999,50,0.9160999999999999,0.9161
mesh,0.5,2,0.9999999999999999,5,0.8674,0.8674
mesh,0.5,2,0.9999999999999999,10,0.8916999999999999,0.8917
mesh,0.5,2,0.9999999999999999,15,0.9022,0.9022
mesh,0.5,2,0.9999999999999999,20,0.9065999999999999,0.9066
mesh,0.5,2,0.9999999999999999,25,0.9107,0.9107
mesh,0.5,2,0.9999999999999999,30,0.9141,0.9141
mesh,0.5,2,0.9999999999999999,35,0.9160999999999999,0.9161
mesh,0.5,2,0.9999999999999999,40,0.9170999999999999,0.9171
mesh,0.5,2,0.9999999999999999,45,0.9195,0.9195
mesh,0.5,2,0.9999999999999999,50,0.9195,0.9195
mesh,0.5,3,0.9999999999999999,5,0.8663000000000001,0.8663
mesh,0.5,3,0.9999999999999999,10,0.8932,0.8932
mesh,0.5,3,0.9999999999999999,15,0.8968,0.8968
mesh,0.5,3,0.9999999999999999,20,0.9064,0.9064
mesh,0.5,3,0.9999999999999999,25,0.9113,0.9113
mesh,0.5,3,0.9999999999999999,30,0.9157,0.9157
mesh,0.5,3,0.9999999999999999,35,0.9147000000000001,0.9147
mesh,0.5,3,0.9999999999999999,40,0.9159,0.9159
mesh,0.5,3,0.9999999999999999,45,0.9157,0.9157
mesh,0.5,3,0.9999999999999999,50,0.9179999999999999,0.918
mesh,0.5,4,0.9999999999999999,5,0.861,0.861
mesh,0.5,4,0.9999999999999999,10,0.8847000000000002,0.8847
mesh,0.5,4,0.9999999999999999,15,0.898,0.898
mesh,0.5,4,0.9999999999999999,20,0.9042,0.9042
mesh,0.5,4,0.9999999999999999,25,0.9088,0.9088
mesh,0.5,4,0.9999999999999999,30,0.9115,0.9115
mesh,0.5,4,0.9999999999999999,35,0.914,0.914
mesh,0.5,4,0.9999999999999999,40,0.9126,0.9126
mesh,0.5,4,0.9999999999999999,45,0.9152000000000001,0.9152
mesh,0.5,4,0.9999999999999999,50,0.9138,0.9138
mesh,0.5,5,0.9999999999999999,5,0.8649000000000001,0.8649
mesh,0.5,5,0.9999999999999999,10,0.8901999999999999,0.8902
mesh,0.5,5,0.9999999999999999,15,0.8962999999999999,0.8963
mesh,0.5,5,0.9999999999999999,20,0.9037,0.9037
mesh,0.5,5,0.9999999999999999,25,0.9077,0.9077
mesh,0.5,5,0.9999999999999999,30,0.9099,0.9099
mesh,0.5,5,0.9999999999999999,35,0.9145999999999999,0.9146
mesh,0.5,5,0.9999999999999999,40,0.9141999999999999,0.9142
mesh,0.5,5,0.9999999999999999,45,0.9124000000000001,0.9124
mesh,0.5,5,0.9999999999999999,50,0.9153,0.9153
mesh,0.5,6,0.9999999999999999,5,0.8634999999999999,0.8635
mesh,0.5,6,0.9999999999999999,10,0.8939,0.8939
mesh,0.5,6,0.9999999999999999,15,0.9017,0.9017
mesh,0.5,6,0.9999999999999999,20,0.9087,0.9087
mesh,0.5,6,0.9999999999999999,25,0.9145999999999999,0.9146
mesh,0.5,6,0.9999999999999999,30,0.9159,0.9159
mesh,0.5,6,0.9999999999999999,35,0.9190000000000002,0.919
mesh,0.5,6,0.9999999999999999,40,0.9216999999999999,0.9217
mesh,0.5,6,0.9999999999999999,45,0.9208000000000001,0.9208
mesh,0.5,6,0.9999999999999999,50,0.9191,0.9191
mesh,0.5,7,0.9999999999999999,5,0.857,0.857
mesh,0.5,7,0.9999999999999999,10,0.8861000000000001,0.8861
mesh,0.5,7,0.9999999999999999,15,0.8983000000000001,0.8983
mesh,0.5,7,0.9999999999999999,20,0.9084,0.9084
mesh,0.5,7,0.9999999999999999,25,0.9103,0.9103
mesh,0.5,7,0.9999999999999999,30,0.9129000000000002,0.9129
mesh,0.5,7,0.9999999999999999,35,0.914,0.914
mesh,0.5,7,0.9999999999999999,40,0.9148,0.9148
mesh,0.5,7,0.9999999999999999,45,0.9145999999999999,0.9146
mesh,0.5,7,0.9999999999999999,50,0.9141,0.9141
mesh,0.5,8,0.9999999999999999,5,0.8698,0.8698
mesh,0.5,8,0.9999999999999999,10,0.8885,0.8885
mesh,0.5,8,0.9999999999999999,15,0.9004999999999999,0.9005
mesh,0.5,8,0.9999999999999999,20,0.9077,0.9077
mesh,0.5,8,0.9999999999999999,25,0.9128000000000001,0.9128
mesh,0.5,8,0.9999999999999999,30,0.9170999999999999,0.9171
mesh,0.5,8,0.9999999999999999,35,0.9193,0.9193
mesh,0.5,8,0.9999999999999999,40,0.9183,0.9183
mesh,0.5,8,0.9999999999999999,45,0.9212,0.9212
mesh,0.5,8,0.9999999999999999,50,0.9206,0.9206
mesh,0.5,9,0.9999999999999999,5,0.8459,0.8459
mesh,0.5,9,0.9999999999999999,10,0.8835,0.8835
mesh,0.5,9,0.9999999999999999,15,0.8955,0.8955
mesh,0.5,9,0.9999999999999999,20,0.9015000000000001,0.9015
mesh,0.5,9,0.9999999999999999,25,0.9016,0.9016
mesh,0.5,9,0.9999999999999999,30,0.9093,0.9093
mesh,0.5,9,0.9999999999999999,35,0.9135,0.9135
mesh,0.5,9,0.9999999999999999,40,0.9099999999999999,0.91
mesh,0.5,9,0.9999999999999999,45,0.9137000000000001,0.9137
mesh,0.5,9,0.9999999999999999,50,0.9136,0.9136
mesh,0.1,0,0.9999999999999999,5,0.7468,0.7468
mesh,0.1,0,0.9999999999999999,10,0.7767,0.7767
mesh,0.1,0,0.9999999999999999,15,0.7967,0.7967
mesh,0.1,0,0.9999999999999999,20,0.8105,0.8105
mesh,0.1,0,0.9999999999999999,25,0.8119,0.8119
mesh,0.1,0,0.9999999999999999,30,0.8173999999999999,0.8174
mesh,0.1,0,0.9999999999999999,35,0.8175000000000001,0.8175
mesh,0.1,0,0.9999999999999999,40,0.8194000000000001,0.8194
mesh,0.1,0,0.9999999999999999,45,0.8202999999999999,0.8203
mesh,0.1,0,0.9999999999999999,50,0.8244,0.8244
mesh,0.1,1,0.9999999999999999,5,0.7449,0.7449
mesh,0.1,1,0.9999999999999999,10,0.8041,0.8041
mesh,0.1,1,0.9999999999999999,15,0.8271,0.8271
mesh,0.1,1,0.9999999999999999,20,0.8442000000000001,0.8442
mesh,0.1,1,0.9999999999999999,25,0.8615,0.8615
mesh,0.1,1,0.9999999999999999,30,0.866,0.866
mesh,0.1,1,0.9999999999999999,35,0.8676999999999999,0.8677
mesh,0.1,1,0.9999999999999999,40,0.868,0.868
mesh,0.1,1,0.9999999999999999,45,0.8695999999999999,0.8696
mesh,0.1,1,0.9999999999999999,50,0.8672000000000001,0.8672
mesh,0.1,2,0.9999999999999999,5,0.7022,0.7022
mesh,0.1,2,0.9999999999999999,10,0.751,0.751
mesh,0.1,2,0.9999999999999999,15,0.7631,0.7631
mesh,0.1,2,0.9999999999999999,20,0.7701,0.7701
mesh,0.1,2,0.9999999999999999,25,0.7821,0.7821
mesh,0.1,2,0.9999999999999999,30,0.7883,0.7883
mesh,0.1,2,0.9999999999999999,35,0.7902,0.7902
mesh,0.1,2,0.9999999999999999,40,0.7984,0.7984
mesh,0.1,2,0.9999999999999999,45,0.8282,0.8282
mesh,0.1,2,0.9999999999999999,50,0.8299999999999998,0.83
mesh,0.1,3,0.9999999999999999,5,0.7924,0.7924
mesh,0.1,3,0.9999999999999999,10,0.8459999999999999,0.846
mesh,0.1,3,0.9999999999999999,15,0.8525,0.8525
mesh,0.1,3,0.9999999999999999,20,0.8714999999999999,0.8715
mesh,0.1,3,0.9999999999999999,25,0.8726,0.8726
mesh,0.1,3,0.9999999999999999,30,0.8789,0.8789
mesh,0.1,3,0.9999999999999999,35,0.8785000000000001,0.8785
mesh,0.1,3,0.9999999999999999,40,0.8842000000000001,0.8842
mesh,0.1,3,0.9999999999999999,45,0.8870000000000001,0.887
mesh,0.1,3,0.9999999999999999,50,0.8863999999999999,0.8864
mesh,0.1,4,0.9999999999999999,5,0.7488,0.7488
mesh,0.1,4,0.9999999999999999,10,0.7939,0.7939
mesh,0.1,4,0.9999999999999999,15,0.8099000000000001,0.8099
mesh,0.1,4,0.9999999999999999,20,0.813,0.813
mesh,0.1,4,0.9999999999999999,25,0.826,0.826
mesh,0.1,4,0.9999999999999999,30,0.8240000000000001,0.824
mesh,0.1,4,0.9999999999999999,35,0.837,0.837
mesh,0.1,4,0.9999999999999999,40,0.8337,0.8337
mesh,0.1,4,0.9999999999999999,45,0.8434000000000001,0.8434
mesh,0.1,4,0.9999999999999999,50,0.8412,0.8412
mesh,0.1,5,0.9999999999999999,5,0.7667,0.7667
mesh,0.1,5,0.9999999999999999,10,0.8202999999999999,0.8203
mesh,0.1,5,0.9999999999999999,15,0.8385,0.8385
mesh,0.1,5,0.9999999999999999,20,0.8561,0.8561
mesh,0.1,5,0.9999999999999999,25,0.8604,0.8604
mesh,0.1,5,0.9999999999999999,30,0.867,0.867
mesh,0.1,5,0.9999999999999999,35,0.8710000000000001,0.871
mesh,0.1,5,0.9999999999999999,40,0.8741,0.8741
mesh,0.1,5,0.9999999999999999,45,0.8745,0.8745
mesh,0.1,5,0.9999999999999999,50,0.8732,0.8732
mesh,0.1,6,0.9999999999999999,5,0.8201,0.8201
mesh,0.1,6,0.9999999999999999,10,0.8543,0.8543
mesh,0.1,6,0.9999999999999999,15,0.8773,0.8773
mesh,0.1,6,0.9999999999999999,20,0.8842000000000001,0.8842
mesh,0.1,6,0.9999999999999999,25,0.8911,0.8911
mesh,0.1,6,0.9999999999999999,30,0.8979000000000001,0.8979
mesh,0.1,6,0.9999999999999999,35,0.8992000000000001,0.8992
mesh,0.1,6,0.9999999999999999,40,0.8972999999999999,0.8973
mesh,0.1,6,0.9999999999999999,45,0.8995999999999998,0.8996
mesh,0.1,6,0.9999999999999999,50,0.9033,0.9033
mesh,0.1,7,0.9999999999999999,5,0.719,0.719
mesh,0.1,7,0.9999999999999999,10,0.7691,0.7691
mesh,0.1,7,0.9999999999999999,15,0.8124,0.8124
mesh,0.1,7,0.9999999999999999,20,0.8257999999999999,0.8258
mesh,0.1,7,0.9999999999999999,25,0.8401,0.8401
mesh,0.1,7,0.9999999999999999,30,0.8428000000000001,0.8428
mesh,0.1,7,0.9999999999999999,35,0.8543,0.8543
mesh,0.1,7,0.9999999999999999,40,0.8606,0.8606
mesh,0.1,7,0.9999999999999999,45,0.8598000000000001,0.8598
mesh,0.1,7,0.9999999999999999,50,0.8737,0.8737
mesh,0.1,8,0.9999999999999999,5,0.7432,0.7432
mesh,0.1,8,0.9999999999999999,10,0.7825,0.7825
mesh,0.1,8,0.9999999999999999,15,0.806,0.806
mesh,0.1,8,0.9999999999999999,20,0.8211999999999999,0.8212
mesh,0.1,8,0.9999999999999999,25,0.844,0.844
mesh,0.1,8,0.9999999999999999,30,0.8543,0.8543
mesh,0.1,8,0.9999999999999999,35,0.842,0.842
mesh,0.1,8,0.9999999999999999,40,0.8573999999999999,0.8574
mesh,0.1,8,0.9999999999999999,45,0.8637,0.8637
mesh,0.1,8,0.9999999999999999,50,0.8553,0.8553
mesh,0.1,9,0.9999999999999999,5,0.7465,0.7465
mesh,0.1,9,0.9999999999999999,10,0.7829,0.7829
mesh,0.1,9,0.9999999999999999,15,0.8313,0.8313
mesh,0.1,9,0.9999999999999999,20,0.8444,0.8444
mesh,0.1,9,0.9999999999999999,25,0.8446999999999999,0.8447
mesh,0.1,9,0.9999999999999999,30,0.857,0.857
mesh,0.1,9,0.9999999999999999,35,0.8568,0.8568
mesh,0.1,9,0.9999999999999999,40,0.8728,0.8728
mesh,0.1,9,0.9999999999999999,45,0.8821,0.8821
mesh,0.1,9,0.9999999999999999,50,0.8793,0.8793
