alpha,seed,round,accuracy
100.0,0,5,0.8824
100.0,0,10,0.9022
100.0,0,15,0.9093
100.0,0,20,0.9144
100.0,0,25,0.9168
100.0,0,30,0.9195
100.0,0,35,0.9211
100.0,0,40,0.9209
100.0,0,45,0.9233
100.0,0,50,0.9203
100.0,1,5,0.8837
100.0,1,10,0.9027
100.0,1,15,0.9124
100.0,1,20,0.917
100.0,1,25,0.9209
100.0,1,30,0.9218
100.0,1,35,0.925
100.0,1,40,0.9248
100.0,1,45,0.9253
100.0,1,50,0.925
100.0,2,5,0.8824
100.0,2,10,0.9024
100.0,2,15,0.9135
100.0,2,20,0.9191
100.0,2,25,0.9213
100.0,2,30,0.9226
100.0,2,35,0.9242
100.0,2,40,0.9245
100.0,2,45,0.9275
100.0,2,50,0.9263
100.0,3,5,0.8817
100.0,3,10,0.9014
100.0,3,15,0.9115
100.0,3,20,0.9152
100.0,3,25,0.9177
100.0,3,30,0.9207
100.0,3,35,0.9218
100.0,3,40,0.9242
100.0,3,45,0.9246
100.0,3,50,0.9231
100.0,4,5,0.8819
100.0,4,10,0.9001
100.0,4,15,0.911
100.0,4,20,0.9152
100.0,4,25,0.9185
100.0,4,30,0.9232
100.0,4,35,0.9224
100.0,4,40,0.9243
100.0,4,45,0.9264
100.0,4,50,0.9252
100.0,5,5,0.886
100.0,5,10,0.9008
100.0,5,15,0.9122
100.0,5,20,0.9161
100.0,5,25,0.9197
100.0,5,30,0.9219
100.0,5,35,0.924
100.0,5,40,0.9249
100.0,5,45,0.9239
100.0,5,50,0.9261
100.0,6,5,0.8807
100.0,6,10,0.9011
100.0,6,15,0.9122
100.0,6,20,0.9174
100.0,6,25,0.9214
100.0,6,30,0.9234
100.0,6,35,0.9265
100.0,6,40,0.9284
100.0,6,45,0.9248
100.0,6,50,0.9245
100.0,7,5,0.8807
100.0,7,10,0.8991
100.0,7,15,0.9088
100.0,7,20,0.9162
100.0,7,25,0.9211
100.0,7,30,0.9215
100.0,7,35,0.9237
100.0,7,40,0.9241
100.0,7,45,0.9255
100.0,7,50,0.924
100.0,8,5,0.8809
100.0,8,10,0.8991
100.0,8,15,0.9086
100.0,8,20,0.9144
100.0,8,25,0.9187
100.0,8,30,0.9213
100.0,8,35,0.9229
100.0,8,40,0.9229
100.0,8,45,0.9243
100.0,8,50,0.9241
100.0,9,5,0.8836
100.0,9,10,0.9005
100.0,9,15,0.9105
100.0,9,20,0.9163
100.0,9,25,0.9191
100.0,9,30,0.9227
100.0,9,35,0.9233
100.0,9,40,0.9247
100.0,9,45,0.9243
100.0,9,50,0.9236
0.5,0,5,0.8702
0.5,0,10,0.8903
0.5,0,15,0.9012
0.5,0,20,0.9067
0.5,0,25,0.9106
0.5,0,30,0.9119
0.5,0,35,0.911
0.5,0,40,0.9148
0.5,0,45,0.9153
0.5,0,50,0.9149
0.5,1,5,0.8677
0.5,1,10,0.8921
0.5,1,15,0.8981
0.5,1,20,0.9058
0.5,1,25,0.9093
0.5,1,30,0.9124
0.5,1,35,0.9136
0.5,1,40,0.9141
0.5,1,45,0.9117
0.5,1,50,0.9146
0.5,2,5,0.867
0.5,2,10,0.8935
0.5,2,15,0.9052
0.5,2,20,0.9104
0.5,2,25,0.915
0.5,2,30,0.9185
0.5,2,35,0.9197
0.5,2,40,0.9191
0.5,2,45,0.9186
0.5,2,50,0.9195
0.5,3,5,0.8749
0.5,3,10,0.8949
0.5,3,15,0.9048
0.5,3,20,0.9084
0.5,3,25,0.9122
0.5,3,30,0.9154
0.5,3,35,0.9156
0.5,3,40,0.9162
0.5,3,45,0.9144
0.5,3,50,0.9131
0.5,4,5,0.8551
0.5,4,10,0.883
0.5,4,15,0.896
0.5,4,20,0.9032
0.5,4,25,0.9033
0.5,4,30,0.9064
0.5,4,35,0.9058
0.5,4,40,0.9094
0.5,4,45,0.9151
0.5,4,50,0.9088
0.5,5,5,0.8693
0.5,5,10,0.8933
0.5,5,15,0.8975
0.5,5,20,0.9081
0.5,5,25,0.9127
0.5,5,30,0.9108
0.5,5,35,0.9144
0.5,5,40,0.917
0.5,5,45,0.9149
0.5,5,50,0.916
0.5,6,5,0.8672
0.5,6,10,0.891
0.5,6,15,0.9014
0.5,6,20,0.9109
0.5,6,25,0.9153
0.5,6,30,0.9167
0.5,6,35,0.9189
0.5,6,40,0.9199
0.5,6,45,0.9187
0.5,6,50,0.9173
0.5,7,5,0.8646
0.5,7,10,0.8875
0.5,7,15,0.8988
0.5,7,20,0.9039
0.5,7,25,0.911
0.5,7,30,0.9134
0.5,7,35,0.9131
0.5,7,40,0.9147
0.5,7,45,0.9147
0.5,7,50,0.9151
0.5,8,5,0.8803
0.5,8,10,0.8963
0.5,8,15,0.9054
0.5,8,20,0.9094
0.5,8,25,0.914
0.5,8,30,0.9179
0.5,8,35,0.9179
0.5,8,40,0.9183
0.5,8,45,0.9172
0.5,8,50,0.9162
0.5,9,5,0.8522
0.5,9,10,0.8888
0.5,9,15,0.8985
0.5,9,20,0.9057
0.5,9,25,0.9066
0.5,9,30,0.9095
0.5,9,35,0.9127
0.5,9,40,0.9109
0.5,9,45,0.9155
0.5,9,50,0.9148
0.1,0,5,0.751
0.1,0,10,0.7949
0.1,0,15,0.822
0.1,0,20,0.8241
0.1,0,25,0.8347
0.1,0,30,0.8397
0.1,0,35,0.8436
0.1,0,40,0.848
0.1,0,45,0.8492
0.1,0,50,0.8565
0.1,1,5,0.8115
0.1,1,10,0.863
0.1,1,15,0.8742
0.1,1,20,0.881
0.1,1,25,0.882
0.1,1,30,0.8869
0.1,1,35,0.889
0.1,1,40,0.8831
0.1,1,45,0.8894
0.1,1,50,0.8911
0.1,2,5,0.6909
0.1,2,10,0.7626
0.1,2,15,0.7782
0.1,2,20,0.776
0.1,2,25,0.8006
0.1,2,30,0.8081
0.1,2,35,0.8208
0.1,2,40,0.8228
0.1,2,45,0.8382
0.1,2,50,0.8385
0.1,3,5,0.6942
0.1,3,10,0.7736
0.1,3,15,0.7784
0.1,3,20,0.796
0.1,3,25,0.7981
0.1,3,30,0.7987
0.1,3,35,0.804
0.1,3,40,0.797
0.1,3,45,0.7861
0.1,3,50,0.7907
0.1,4,5,0.7783
0.1,4,10,0.8144
0.1,4,15,0.82
0.1,4,20,0.83
0.1,4,25,0.8336
0.1,4,30,0.8458
0.1,4,35,0.8468
0.1,4,40,0.8558
0.1,4,45,0.8489
0.1,4,50,0.8548
0.1,5,5,0.781
0.1,5,10,0.8322
0.1,5,15,0.8592
0.1,5,20,0.8705
0.1,5,25,0.8748
0.1,5,30,0.8779
0.1,5,35,0.8804
0.1,5,40,0.8772
0.1,5,45,0.8817
0.1,5,50,0.8773
0.1,6,5,0.8174
0.1,6,10,0.8423
0.1,6,15,0.8671
0.1,6,20,0.8799
0.1,6,25,0.8901
0.1,6,30,0.895
0.1,6,35,0.8953
0.1,6,40,0.8991
0.1,6,45,0.8954
0.1,6,50,0.8959
0.1,7,5,0.7199
0.1,7,10,0.7703
0.1,7,15,0.7909
0.1,7,20,0.776
0.1,7,25,0.7938
0.1,7,30,0.7905
0.1,7,35,0.7975
0.1,7,40,0.7809
0.1,7,45,0.8064
0.1,7,50,0.8075
0.1,8,5,0.78
0.1,8,10,0.8135
0.1,8,15,0.846
0.1,8,20,0.8587
0.1,8,25,0.8544
0.1,8,30,0.8651
0.1,8,35,0.8671
0.1,8,40,0.8653
0.1,8,45,0.8657
0.1,8,50,0.8655
0.1,9,5,0.7797
0.1,9,10,0.8215
0.1,9,15,0.8368
0.1,9,20,0.8488
0.1,9,25,0.8748
0.1,9,30,0.8755
0.1,9,35,0.8764
0.1,9,40,0.8735
0.1,9,45,0.8823
0.1,9,50,0.8849
